year,date,gid
2025,2025-03-27,778557
2025,2025-03-27,778556
2025,2025-03-27,778553
2025,2025-03-27,778555
2025,2025-03-27,778558
2025,2025-03-27,778559
2025,2025-03-27,778561
2025,2025-03-27,778545
2025,2025-03-27,778554
2025,2025-03-27,778562
2025,2025-03-27,778551
2025,2025-03-27,778546
2025,2025-03-28,778552
2025,2025-03-28,778547
2025,2025-03-28,778560
2025,2025-03-28,778549
2025,2025-03-28,778548
2025,2025-03-29,778550
2025,2025-03-29,778518
2025,2025-03-29,778543
2025,2025-03-29,778541
2025,2025-03-29,778542
2025,2025-03-29,778544
2025,2025-03-29,778538
2025,2025-03-29,778534
2025,2025-03-29,778528
2025,2025-03-29,778536
2025,2025-03-29,778535
2025,2025-03-29,778529
2025,2025-03-29,778540
2025,2025-03-29,778537
2025,2025-03-29,778539
2025,2025-03-29,778531
2025,2025-03-29,778530
2025,2025-03-29,778520
2025,2025-03-30,778532
2025,2025-03-30,778533
2025,2025-03-30,778521
2025,2025-03-30,778526
2025,2025-03-30,778523
2025,2025-03-30,778525
2025,2025-03-30,778522
2025,2025-03-30,778524
2025,2025-03-30,778519
2025,2025-03-30,778510
2025,2025-03-30,778527
2025,2025-03-30,778517
2025,2025-03-30,778516
2025,2025-03-30,778515
2025,2025-03-30,778513
2025,2025-03-30,778514
2025,2025-03-31,778506
2025,2025-03-31,778504
2025,2025-03-31,778512
2025,2025-03-31,778502
2025,2025-03-31,778511
2025,2025-03-31,778509
2025,2025-03-31,778508
2025,2025-03-31,778507
2025,2025-03-31,778503
2025,2025-04-01,778505
2025,2025-04-01,778499
2025,2025-04-01,778496
2025,2025-04-01,778501
2025,2025-04-01,778500
2025,2025-04-01,778498
2025,2025-04-01,778497
2025,2025-04-01,778493
2025,2025-04-01,778492
2025,2025-04-01,778491
2025,2025-04-01,778490
2025,2025-04-01,778488
2025,2025-04-01,778495
2025,2025-04-02,778489
2025,2025-04-02,778485
2025,2025-04-02,778486
2025,2025-04-02,778494
2025,2025-04-02,778487
2025,2025-04-02,778480
2025,2025-04-02,778479
2025,2025-04-02,778477
2025,2025-04-02,778473
2025,2025-04-02,778474
2025,2025-04-02,778478
2025,2025-04-02,778471
2025,2025-04-02,778476
2025,2025-04-02,778469
2025,2025-04-02,778475
2025,2025-04-02,778481
2025,2025-04-02,778483
2025,2025-04-02,778482
2025,2025-04-02,778484
2025,2025-04-03,778472
2025,2025-04-03,778470
2025,2025-04-03,778467
2025,2025-04-03,778462
2025,2025-04-03,778466
2025,2025-04-03,778468
2025,2025-04-04,778458
2025,2025-04-04,778463
2025,2025-04-04,778460
2025,2025-04-04,778465
2025,2025-04-04,778456
2025,2025-04-04,778461
2025,2025-04-04,778444
2025,2025-04-04,778457
2025,2025-04-04,778459
2025,2025-04-04,778464
2025,2025-04-04,778455
2025,2025-04-05,778454
2025,2025-04-05,778453
2025,2025-04-05,778447
2025,2025-04-05,778445
2025,2025-04-05,778440
2025,2025-04-05,778450
2025,2025-04-05,778452
2025,2025-04-05,778448
2025,2025-04-05,778449
2025,2025-04-05,778441
2025,2025-04-05,778438
2025,2025-04-05,778446
2025,2025-04-05,778439
2025,2025-04-05,778451
2025,2025-04-06,778442
2025,2025-04-06,778436
2025,2025-04-06,778437
2025,2025-04-06,778443
2025,2025-04-06,778429
2025,2025-04-06,778432
2025,2025-04-06,778434
2025,2025-04-06,778428
2025,2025-04-06,778435
2025,2025-04-06,778433
2025,2025-04-06,778422
2025,2025-04-06,778419
2025,2025-04-06,778421
2025,2025-04-06,778430
2025,2025-04-06,778420
2025,2025-04-06,778423
2025,2025-04-06,778427
2025,2025-04-06,778425
2025,2025-08-09,778431
2025,2025-04-07,778424
2025,2025-04-07,778415
2025,2025-04-07,778418
2025,2025-04-07,778426
2025,2025-04-07,778416
2025,2025-04-07,778411
2025,2025-04-07,778412
2025,2025-04-08,778413
2025,2025-04-08,778405
2025,2025-04-08,778410
2025,2025-04-08,778414
2025,2025-04-08,778403
2025,2025-04-08,778402
2025,2025-04-08,778407
2025,2025-04-08,778408
2025,2025-04-08,778409
2025,2025-04-08,778404
2025,2025-04-08,778417
2025,2025-04-08,778406
2025,2025-04-08,778401
2025,2025-04-08,778400
2025,2025-04-09,778394
2025,2025-04-09,778396
2025,2025-04-09,778398
2025,2025-04-09,778397
2025,2025-04-09,778395
2025,2025-04-09,778389
2025,2025-04-09,778390
2025,2025-04-09,778387
2025,2025-04-09,778385
2025,2025-04-09,778381
2025,2025-04-09,778380
2025,2025-04-09,778376
2025,2025-04-09,778392
2025,2025-04-09,778383
2025,2025-04-09,778391
2025,2025-04-09,778386
2025,2025-04-09,778399
2025,2025-04-09,778393
2025,2025-04-09,778388
2025,2025-04-10,778379
2025,2025-04-10,778382
2025,2025-04-10,778378
2025,2025-04-10,778373
2025,2025-04-10,778371
2025,2025-04-10,778377
2025,2025-04-10,778384
2025,2025-04-11,778375
2025,2025-04-11,778374
2025,2025-04-11,778367
2025,2025-04-11,778370
2025,2025-04-11,778369
2025,2025-04-11,778366
2025,2025-04-12,778368
2025,2025-04-12,778363
2025,2025-04-12,778365
2025,2025-04-12,778361
2025,2025-04-12,778360
2025,2025-04-12,778364
2025,2025-04-12,778358
2025,2025-04-12,778356
2025,2025-07-29,778372
2025,2025-04-12,778348
2025,2025-04-12,778347
2025,2025-04-12,778355
2025,2025-04-12,778346
2025,2025-04-12,778362
2025,2025-04-12,778353
2025,2025-04-12,778349
2025,2025-04-12,778354
2025,2025-04-12,778359
2025,2025-04-12,778357
2025,2025-04-12,778351
2025,2025-04-13,778350
2025,2025-04-13,778352
2025,2025-04-13,778345
2025,2025-04-13,778341
2025,2025-04-13,778344
2025,2025-04-13,778339
2025,2025-04-13,778342
2025,2025-04-13,778343
2025,2025-04-13,778340
2025,2025-04-13,778337
2025,2025-04-13,778329
2025,2025-04-13,778335
2025,2025-04-13,778338
2025,2025-04-13,778336
2025,2025-04-13,778333
2025,2025-04-13,778330
2025,2025-04-13,778334
2025,2025-04-13,778332
2025,2025-04-13,778331
2025,2025-04-14,778321
2025,2025-04-14,778320
2025,2025-04-14,778328
2025,2025-04-14,778327
2025,2025-04-14,778322
2025,2025-04-14,778324
2025,2025-04-14,778323
2025,2025-04-14,778325
2025,2025-04-15,778315
2025,2025-04-15,778326
2025,2025-04-15,778314
2025,2025-04-15,778316
2025,2025-04-15,778318
2025,2025-04-15,778313
2025,2025-04-15,778317
2025,2025-04-15,778319
2025,2025-04-15,778312
2025,2025-04-15,778311
2025,2025-04-15,778307
2025,2025-04-15,778309
2025,2025-04-15,778310
2025,2025-04-15,778308
2025,2025-04-16,778306
2025,2025-04-16,778305
2025,2025-04-16,778302
2025,2025-04-16,778297
2025,2025-04-16,778299
2025,2025-04-16,778295
2025,2025-04-16,778290
2025,2025-04-16,778288
2025,2025-04-16,778301
2025,2025-04-16,778293
2025,2025-04-16,778304
2025,2025-04-16,778303
2025,2025-04-16,778296
2025,2025-04-16,778298
2025,2025-04-16,778300
2025,2025-04-16,778294
2025,2025-04-17,778289
2025,2025-04-17,778287
2025,2025-04-17,778291
2025,2025-04-17,778280
2025,2025-04-17,778285
2025,2025-04-17,778283
2025,2025-04-17,778279
2025,2025-04-17,778292
2025,2025-04-17,778286
2025,2025-04-17,778282
2025,2025-04-17,778278
2025,2025-04-18,778281
2025,2025-04-18,778268
2025,2025-04-18,778277
2025,2025-04-18,778271
2025,2025-04-18,778274
2025,2025-04-18,778276
2025,2025-04-18,778272
2025,2025-04-18,778273
2025,2025-04-18,778270
2025,2025-04-18,778275
2025,2025-04-18,778284
2025,2025-04-19,778263
2025,2025-04-19,778269
2025,2025-04-19,778261
2025,2025-04-19,778260
2025,2025-04-21,778266
2025,2025-04-19,778252
2025,2025-04-19,778265
2025,2025-04-19,778257
2025,2025-04-19,778258
2025,2025-04-19,778262
2025,2025-04-19,778254
2025,2025-04-19,778256
2025,2025-04-19,778251
2025,2025-04-19,778247
2025,2025-04-19,778264
2025,2025-04-19,778255
2025,2025-04-19,778259
2025,2025-04-19,778253
2025,2025-04-19,778267
2025,2025-04-20,778243
2025,2025-04-20,778250
2025,2025-04-20,778242
2025,2025-04-20,778249
2025,2025-04-20,778245
2025,2025-04-20,778248
2025,2025-04-20,778241
2025,2025-04-20,778246
2025,2025-04-20,778244
2025,2025-04-20,778240
2025,2025-04-20,778239
2025,2025-04-20,778236
2025,2025-04-20,778234
2025,2025-04-20,778235
2025,2025-04-20,778232
2025,2025-04-20,778237
2025,2025-04-21,778238
2025,2025-04-21,778227
2025,2025-04-21,778228
2025,2025-04-21,778230
2025,2025-04-21,778225
2025,2025-04-21,778233
2025,2025-04-22,778231
2025,2025-04-22,778226
2025,2025-04-22,778218
2025,2025-04-22,778221
2025,2025-04-22,778219
2025,2025-04-22,778222
2025,2025-04-22,778224
2025,2025-04-22,778223
2025,2025-04-22,778229
2025,2025-04-22,778215
2025,2025-04-22,778220
2025,2025-04-22,778216
2025,2025-04-23,778217
2025,2025-04-23,778211
2025,2025-04-23,778212
2025,2025-04-23,778210
2025,2025-04-23,778213
2025,2025-04-23,778214
2025,2025-04-23,778209
2025,2025-04-23,778203
2025,2025-04-23,778208
2025,2025-04-23,778206
2025,2025-04-23,778204
2025,2025-04-23,778207
2025,2025-04-23,778205
2025,2025-04-23,778200
2025,2025-04-23,778201
2025,2025-04-24,778202
2025,2025-04-24,778199
2025,2025-04-24,778198
2025,2025-04-24,778197
2025,2025-04-24,778195
2025,2025-04-24,778189
2025,2025-04-24,778196
2025,2025-04-24,778190
2025,2025-04-24,778194
2025,2025-04-24,778193
2025,2025-04-25,778191
2025,2025-04-25,778188
2025,2025-04-25,778192
2025,2025-04-25,778182
2025,2025-04-25,778183
2025,2025-04-25,778185
2025,2025-04-25,778187
2025,2025-04-25,778186
2025,2025-04-26,778184
2025,2025-04-26,778181
2025,2025-04-26,778172
2025,2025-04-26,778177
2025,2025-04-26,778175
2025,2025-04-26,778178
2025,2025-04-26,778176
2025,2025-04-26,778171
2025,2025-04-26,778180
2025,2025-04-26,778179
2025,2025-04-26,778169
2025,2025-04-26,778168
2025,2025-04-26,778166
2025,2025-04-26,778164
2025,2025-04-26,778161
2025,2025-04-26,778173
2025,2025-04-26,778159
2025,2025-04-26,778174
2025,2025-04-26,778165
2025,2025-04-26,778167
2025,2025-04-27,778162
2025,2025-04-27,778160
2025,2025-04-27,778163
2025,2025-04-27,778154
2025,2025-04-27,778170
2025,2025-04-27,778153
2025,2025-04-27,778156
2025,2025-04-27,778157
2025,2025-04-27,778155
2025,2025-04-27,778144
2025,2025-04-27,778152
2025,2025-04-27,778150
2025,2025-04-27,778148
2025,2025-04-27,778151
2025,2025-04-27,778149
2025,2025-04-27,778145
2025,2025-04-27,778146
2025,2025-04-27,778147
2025,2025-04-27,778136
2025,2025-04-27,778158
2025,2025-04-28,778138
2025,2025-04-28,778139
2025,2025-04-28,778140
2025,2025-04-28,778141
2025,2025-04-29,778143
2025,2025-04-29,778142
2025,2025-04-29,778137
2025,2025-04-29,778132
2025,2025-04-29,778129
2025,2025-04-29,778133
2025,2025-04-29,778135
2025,2025-04-29,778131
2025,2025-04-29,778128
2025,2025-04-29,778127
2025,2025-04-29,778130
2025,2025-04-29,778125
2025,2025-04-30,778122
2025,2025-04-30,778124
2025,2025-04-30,778120
2025,2025-04-30,778121
2025,2025-04-30,778126
2025,2025-04-30,778123
2025,2025-04-30,778134
2025,2025-04-30,778119
2025,2025-04-30,778110
2025,2025-04-30,778102
2025,2025-04-30,778109
2025,2025-04-30,778104
2025,2025-04-30,778105
2025,2025-04-30,778116
2025,2025-04-30,778115
2025,2025-04-30,778112
2025,2025-04-30,778118
2025,2025-04-30,778113
2025,2025-04-30,778114
2025,2025-04-30,778117
2025,2025-04-30,778111
2025,2025-05-01,778106
2025,2025-05-01,778100
2025,2025-05-01,778107
2025,2025-05-01,778103
2025,2025-05-01,778097
2025,2025-05-01,778108
2025,2025-05-01,778094
2025,2025-05-01,778096
2025,2025-05-01,778099
2025,2025-05-01,778095
2025,2025-05-02,778101
2025,2025-05-02,778098
2025,2025-05-02,778087
2025,2025-05-02,778090
2025,2025-05-02,778086
2025,2025-05-02,778093
2025,2025-05-02,778088
2025,2025-05-02,778081
2025,2025-05-02,778089
2025,2025-05-02,778091
2025,2025-05-02,778092
2025,2025-05-02,778079
2025,2025-05-03,778083
2025,2025-05-03,778080
2025,2025-05-03,778084
2025,2025-05-03,778085
2025,2025-05-03,778082
2025,2025-05-03,778074
2025,2025-05-03,778066
2025,2025-05-03,778064
2025,2025-05-03,778065
2025,2025-05-03,778069
2025,2025-05-03,778073
2025,2025-05-03,778075
2025,2025-05-03,778078
2025,2025-05-03,778077
2025,2025-05-03,778070
2025,2025-05-03,778071
2025,2025-05-03,778072
2025,2025-05-03,778076
2025,2025-05-04,778067
2025,2025-05-04,778068
2025,2025-05-04,778053
2025,2025-05-04,778062
2025,2025-05-04,778051
2025,2025-05-04,778063
2025,2025-05-04,778057
2025,2025-05-04,778056
2025,2025-05-04,778061
2025,2025-05-04,778059
2025,2025-05-04,778055
2025,2025-05-04,778054
2025,2025-05-04,778052
2025,2025-05-04,778048
2025,2025-05-04,778050
2025,2025-05-04,778058
2025,2025-05-04,778060
2025,2025-05-05,778047
2025,2025-05-05,778045
2025,2025-05-05,778049
2025,2025-05-05,778044
2025,2025-05-05,778043
2025,2025-05-05,778042
2025,2025-05-05,778036
2025,2025-05-06,778039
2025,2025-05-06,778038
2025,2025-05-06,778046
2025,2025-05-06,778026
2025,2025-05-06,778035
2025,2025-05-06,778037
2025,2025-05-06,778040
2025,2025-05-06,778041
2025,2025-05-06,778034
2025,2025-05-06,778027
2025,2025-05-06,778028
2025,2025-05-06,778033
2025,2025-05-06,778031
2025,2025-05-06,778030
2025,2025-05-07,778025
2025,2025-05-07,778032
2025,2025-05-07,778024
2025,2025-05-08,778029
2025,2025-05-07,778022
2025,2025-05-07,778015
2025,2025-05-07,778016
2025,2025-05-07,778020
2025,2025-05-07,778010
2025,2025-05-07,778014
2025,2025-05-07,778017
2025,2025-05-07,778018
2025,2025-05-07,778021
2025,2025-05-07,778019
2025,2025-05-07,778023
2025,2025-05-07,778011
2025,2025-05-07,778012
2025,2025-05-08,778013
2025,2025-05-08,778009
2025,2025-05-08,778007
2025,2025-05-08,778006
2025,2025-05-08,778008
2025,2025-05-08,778004
2025,2025-05-08,778005
2025,2025-05-08,778003
2025,2025-05-09,778000
2025,2025-05-09,777999
2025,2025-05-09,777996
2025,2025-05-09,777998
2025,2025-05-09,777995
2025,2025-05-09,778002
2025,2025-05-09,778001
2025,2025-05-09,777997
2025,2025-05-09,777990
2025,2025-05-09,777991
2025,2025-05-10,777989
2025,2025-05-10,777992
2025,2025-05-10,777993
2025,2025-05-10,777986
2025,2025-05-10,777988
2025,2025-05-10,777984
2025,2025-05-10,777994
2025,2025-05-10,777980
2025,2025-05-10,777985
2025,2025-05-10,777972
2025,2025-05-10,777981
2025,2025-05-10,777987
2025,2025-05-10,777983
2025,2025-05-10,777979
2025,2025-05-10,777977
2025,2025-05-10,777978
2025,2025-05-10,777982
2025,2025-05-10,777974
2025,2025-05-11,777975
2025,2025-05-11,777976
2025,2025-05-11,777973
2025,2025-05-11,777970
2025,2025-05-11,777968
2025,2025-05-11,777962
2025,2025-05-11,777967
2025,2025-05-11,777969
2025,2025-05-11,777964
2025,2025-05-11,777963
2025,2025-05-11,777965
2025,2025-05-11,777956
2025,2025-05-11,777966
2025,2025-05-11,777955
2025,2025-05-11,777957
2025,2025-05-11,777961
2025,2025-05-11,777954
2025,2025-05-11,777958
2025,2025-05-11,777971
2025,2025-05-12,777960
2025,2025-05-12,777951
2025,2025-05-12,777953
2025,2025-05-12,777950
2025,2025-05-12,777959
2025,2025-05-12,777952
2025,2025-05-13,777949
2025,2025-05-13,777948
2025,2025-05-13,777947
2025,2025-05-13,777941
2025,2025-05-13,777939
2025,2025-05-13,777944
2025,2025-05-13,777940
2025,2025-05-13,777945
2025,2025-05-13,777935
2025,2025-05-13,777943
2025,2025-05-13,777942
2025,2025-05-13,777936
2025,2025-05-14,777934
2025,2025-05-14,777931
2025,2025-05-14,777932
2025,2025-05-14,777926
2025,2025-05-14,777930
2025,2025-05-14,777937
2025,2025-05-14,777938
2025,2025-05-14,777933
2025,2025-05-14,777924
2025,2025-05-14,777922
2025,2025-05-14,777925
2025,2025-05-14,777916
2025,2025-05-14,777915
2025,2025-05-14,777927
2025,2025-05-14,777923
2025,2025-05-14,777919
2025,2025-05-14,777928
2025,2025-05-14,777929
2025,2025-05-14,777921
2025,2025-05-15,777918
2025,2025-05-15,777920
2025,2025-05-15,777914
2025,2025-05-15,777917
2025,2025-05-15,777909
2025,2025-05-15,777911
2025,2025-05-15,777912
2025,2025-05-15,777913
2025,2025-05-16,777910
2025,2025-05-16,777946
2025,2025-05-16,777900
2025,2025-05-16,777902
2025,2025-05-16,777905
2025,2025-05-16,777907
2025,2025-05-16,777904
2025,2025-05-16,777906
2025,2025-05-16,777908
2025,2025-05-16,777903
2025,2025-05-16,777901
2025,2025-05-17,777895
2025,2025-05-17,777898
2025,2025-05-17,777897
2025,2025-05-17,777896
2025,2025-05-17,777899
2025,2025-05-17,777891
2025,2025-05-17,777888
2025,2025-05-17,777881
2025,2025-05-17,777886
2025,2025-05-17,777890
2025,2025-05-17,777889
2025,2025-05-17,777894
2025,2025-05-17,777892
2025,2025-05-17,777882
2025,2025-05-17,777885
2025,2025-05-17,777893
2025,2025-05-17,777883
2025,2025-05-18,777887
2025,2025-05-18,777875
2025,2025-05-18,777879
2025,2025-05-18,777884
2025,2025-05-18,777869
2025,2025-05-18,777873
2025,2025-05-18,777880
2025,2025-05-18,777876
2025,2025-05-18,777871
2025,2025-05-18,777874
2025,2025-05-18,777877
2025,2025-05-18,777864
2025,2025-05-18,777865
2025,2025-05-18,777872
2025,2025-05-18,777867
2025,2025-05-18,777870
2025,2025-05-18,777866
2025,2025-05-18,777868
2025,2025-05-18,777878
2025,2025-05-19,777859
2025,2025-05-19,777863
2025,2025-05-19,777856
2025,2025-05-19,777858
2025,2025-05-21,777861
2025,2025-05-19,777857
2025,2025-05-19,777860
2025,2025-05-19,777862
2025,2025-05-20,777852
2025,2025-05-20,777855
2025,2025-05-20,777853
2025,2025-05-20,777854
2025,2025-05-20,777847
2025,2025-05-20,777850
2025,2025-05-20,777851
2025,2025-05-20,777841
2025,2025-05-20,777848
2025,2025-05-20,777849
2025,2025-05-20,777845
2025,2025-05-20,777846
2025,2025-05-20,777844
2025,2025-05-20,777840
2025,2025-05-21,777842
2025,2025-05-21,777836
2025,2025-05-21,777843
2025,2025-05-21,777838
2025,2025-09-20,777839
2025,2025-05-21,777834
2025,2025-05-21,777832
2025,2025-05-21,777833
2025,2025-05-21,777826
2025,2025-05-21,777827
2025,2025-05-21,777830
2025,2025-05-21,777819
2025,2025-05-21,777829
2025,2025-05-21,777831
2025,2025-05-21,777835
2025,2025-05-21,777837
2025,2025-05-22,777823
2025,2025-05-22,777828
2025,2025-05-22,777824
2025,2025-09-16,777825
2025,2025-05-22,777818
2025,2025-05-22,777816
2025,2025-05-22,777817
2025,2025-05-22,777812
2025,2025-05-22,777821
2025,2025-05-22,777814
2025,2025-05-22,777820
2025,2025-05-23,777822
2025,2025-05-23,777815
2025,2025-05-23,777811
2025,2025-05-23,777806
2025,2025-05-23,777801
2025,2025-05-23,777810
2025,2025-05-23,777807
2025,2025-05-23,777808
2025,2025-05-23,777813
2025,2025-05-23,777805
2025,2025-05-24,777800
2025,2025-05-24,777799
2025,2025-05-24,777797
2025,2025-05-24,777802
2025,2025-05-24,777798
2025,2025-05-24,777804
2025,2025-05-24,777809
2025,2025-05-24,777790
2025,2025-05-24,777788
2025,2025-05-24,777786
2025,2025-05-24,777793
2025,2025-05-24,777794
2025,2025-05-24,777791
2025,2025-05-24,777787
2025,2025-05-24,777803
2025,2025-05-24,777792
2025,2025-05-24,777782
2025,2025-05-24,777795
2025,2025-05-24,777796
2025,2025-05-24,777789
2025,2025-05-25,777784
2025,2025-05-25,777781
2025,2025-05-25,777780
2025,2025-05-25,777785
2025,2025-05-25,777778
2025,2025-05-25,777776
2025,2025-05-25,777779
2025,2025-05-25,777775
2025,2025-05-25,777774
2025,2025-05-25,777772
2025,2025-05-25,777777
2025,2025-05-25,777766
2025,2025-05-25,777768
2025,2025-05-25,777765
2025,2025-05-25,777767
2025,2025-05-25,777783
2025,2025-05-25,777773
2025,2025-05-26,777770
2025,2025-05-26,777764
2025,2025-05-26,777757
2025,2025-05-26,777771
2025,2025-05-26,777759
2025,2025-05-26,777760
2025,2025-05-26,777758
2025,2025-05-26,777769
2025,2025-05-26,777762
2025,2025-05-27,777761
2025,2025-05-27,777756
2025,2025-05-27,777763
2025,2025-05-27,777753
2025,2025-05-27,777754
2025,2025-05-27,777755
2025,2025-05-27,777748
2025,2025-05-27,777746
2025,2025-05-27,777749
2025,2025-05-27,777750
2025,2025-05-27,777747
2025,2025-05-28,777751
2025,2025-05-28,777741
2025,2025-05-28,777752
2025,2025-05-28,777745
2025,2025-05-28,777744
2025,2025-05-28,777743
2025,2025-05-28,777742
2025,2025-05-28,777739
2025,2025-05-28,777738
2025,2025-05-28,777732
2025,2025-05-28,777737
2025,2025-05-28,777736
2025,2025-05-28,777734
2025,2025-05-28,777729
2025,2025-05-28,777726
2025,2025-05-28,777740
2025,2025-05-28,777733
2025,2025-05-29,777731
2025,2025-05-29,777724
2025,2025-05-29,777728
2025,2025-05-29,777730
2025,2025-05-29,777735
2025,2025-05-29,777723
2025,2025-05-29,777727
2025,2025-05-30,777725
2025,2025-05-30,777722
2025,2025-05-30,777712
2025,2025-05-30,777720
2025,2025-05-30,777715
2025,2025-05-30,777716
2025,2025-05-30,777721
2025,2025-05-30,777718
2025,2025-05-30,777717
2025,2025-05-30,777719
2025,2025-05-31,777709
2025,2025-05-31,777711
2025,2025-05-31,777714
2025,2025-05-31,777710
2025,2025-05-31,777707
2025,2025-05-31,777713
2025,2025-05-31,777708
2025,2025-05-31,777704
2025,2025-05-31,777701
2025,2025-05-31,777697
2025,2025-05-31,777699
2025,2025-05-31,777702
2025,2025-05-31,777703
2025,2025-05-31,777694
2025,2025-05-31,777700
2025,2025-05-31,777693
2025,2025-05-31,777706
2025,2025-05-31,777705
2025,2025-05-31,777695
2025,2025-05-31,777698
2025,2025-06-01,777691
2025,2025-06-01,777696
2025,2025-06-01,777678
2025,2025-06-01,777692
2025,2025-06-01,777684
2025,2025-06-01,777688
2025,2025-06-01,777685
2025,2025-06-01,777683
2025,2025-06-01,777686
2025,2025-06-01,777689
2025,2025-06-01,777677
2025,2025-06-01,777690
2025,2025-06-01,777687
2025,2025-06-01,777679
2025,2025-06-01,777680
2025,2025-06-01,777681
2025,2025-06-01,777682
2025,2025-06-02,777673
2025,2025-06-02,777670
2025,2025-06-02,777671
2025,2025-06-02,777674
2025,2025-06-03,777676
2025,2025-06-03,777669
2025,2025-06-03,777675
2025,2025-06-03,777663
2025,2025-06-03,777666
2025,2025-06-03,777659
2025,2025-06-03,777664
2025,2025-06-03,777665
2025,2025-06-03,777667
2025,2025-06-03,777668
2025,2025-06-03,777672
2025,2025-06-03,777662
2025,2025-06-03,777661
2025,2025-06-03,777660
2025,2025-06-04,777655
2025,2025-06-04,777656
2025,2025-06-04,777658
2025,2025-06-04,777657
2025,2025-06-04,777652
2025,2025-06-04,777647
2025,2025-06-04,777649
2025,2025-06-04,777648
2025,2025-06-04,777650
2025,2025-06-04,777653
2025,2025-06-04,777651
2025,2025-06-04,777654
2025,2025-06-04,777646
2025,2025-06-04,777639
2025,2025-06-05,777645
2025,2025-06-05,777641
2025,2025-06-05,777643
2025,2025-06-05,777638
2025,2025-06-05,777642
2025,2025-06-05,777640
2025,2025-06-05,777635
2025,2025-06-05,777634
2025,2025-06-05,777637
2025,2025-06-05,777636
2025,2025-06-05,777628
2025,2025-06-05,777633
2025,2025-06-05,777631
2025,2025-06-05,777630
2025,2025-06-05,777632
2025,2025-06-05,777644
2025,2025-06-05,777629
2025,2025-06-06,777625
2025,2025-06-06,777621
2025,2025-06-06,777624
2025,2025-06-06,777627
2025,2025-06-07,777623
2025,2025-06-06,777626
2025,2025-06-06,777622
2025,2025-06-06,777618
2025,2025-06-07,777615
2025,2025-06-07,777617
2025,2025-06-07,777620
2025,2025-06-07,777616
2025,2025-06-07,777614
2025,2025-06-07,777613
2025,2025-06-07,777619
2025,2025-06-07,777609
2025,2025-06-07,777600
2025,2025-06-07,777601
2025,2025-06-07,777610
2025,2025-06-07,777607
2025,2025-06-07,777598
2025,2025-06-07,777612
2025,2025-06-07,777608
2025,2025-06-07,777606
2025,2025-06-07,777611
2025,2025-06-07,777605
2025,2025-06-07,777597
2025,2025-06-08,777603
2025,2025-06-08,777604
2025,2025-06-08,777599
2025,2025-06-08,777592
2025,2025-06-08,777586
2025,2025-06-08,777596
2025,2025-06-08,777595
2025,2025-06-08,777602
2025,2025-06-08,777594
2025,2025-06-08,777591
2025,2025-06-08,777585
2025,2025-06-08,777590
2025,2025-06-08,777582
2025,2025-06-08,777583
2025,2025-06-08,777588
2025,2025-06-08,777587
2025,2025-06-08,777589
2025,2025-06-08,777593
2025,2025-06-09,777580
2025,2025-06-09,777574
2025,2025-06-09,777578
2025,2025-06-09,777584
2025,2025-06-09,777575
2025,2025-06-09,777581
2025,2025-06-10,777576
2025,2025-06-10,777579
2025,2025-06-10,777577
2025,2025-06-10,777573
2025,2025-06-10,777569
2025,2025-06-10,777566
2025,2025-06-10,777571
2025,2025-06-10,777570
2025,2025-06-10,777565
2025,2025-06-10,777557
2025,2025-06-10,777572
2025,2025-06-10,777568
2025,2025-06-10,777558
2025,2025-06-11,777567
2025,2025-06-11,777563
2025,2025-06-11,777564
2025,2025-06-11,777560
2025,2025-06-11,777559
2025,2025-06-11,777552
2025,2025-06-11,777553
2025,2025-06-11,777549
2025,2025-06-11,777554
2025,2025-06-11,777545
2025,2025-06-11,777548
2025,2025-06-11,777542
2025,2025-06-11,777543
2025,2025-06-11,777562
2025,2025-06-11,777555
2025,2025-06-11,777561
2025,2025-06-11,777556
2025,2025-06-11,777551
2025,2025-06-12,777550
2025,2025-06-12,777547
2025,2025-06-12,777544
2025,2025-06-12,777533
2025,2025-06-12,777534
2025,2025-06-12,777540
2025,2025-06-12,777536
2025,2025-06-12,777532
2025,2025-06-13,777541
2025,2025-06-13,777546
2025,2025-06-13,777526
2025,2025-06-13,777531
2025,2025-06-13,777530
2025,2025-06-13,777539
2025,2025-06-13,777538
2025,2025-06-13,777528
2025,2025-06-13,777537
2025,2025-06-13,777535
2025,2025-06-14,777524
2025,2025-06-14,777529
2025,2025-06-14,777527
2025,2025-06-14,777525
2025,2025-06-14,777521
2025,2025-06-14,777520
2025,2025-06-14,777522
2025,2025-06-14,777514
2025,2025-06-14,777517
2025,2025-06-14,777513
2025,2025-06-14,777519
2025,2025-06-14,777509
2025,2025-06-14,777508
2025,2025-06-14,777511
2025,2025-06-14,777518
2025,2025-06-14,777510
2025,2025-06-14,777523
2025,2025-06-14,777512
2025,2025-06-14,777515
2025,2025-06-14,777516
2025,2025-06-15,777507
2025,2025-06-15,777506
2025,2025-06-15,777505
2025,2025-06-15,777501
2025,2025-06-15,777499
2025,2025-06-15,777504
2025,2025-06-15,777503
2025,2025-06-15,777500
2025,2025-06-15,777502
2025,2025-06-15,777496
2025,2025-06-15,777494
2025,2025-06-15,777492
2025,2025-06-15,777497
2025,2025-06-15,777493
2025,2025-06-15,777491
2025,2025-06-15,777495
2025,2025-06-15,777498
2025,2025-06-16,777483
2025,2025-06-16,777488
2025,2025-06-16,777487
2025,2025-06-16,777484
2025,2025-06-17,777486
2025,2025-06-17,777485
2025,2025-06-17,777490
2025,2025-06-17,777481
2025,2025-06-17,777475
2025,2025-06-17,777480
2025,2025-06-17,777476
2025,2025-06-17,777479
2025,2025-06-17,777478
2025,2025-06-17,777489
2025,2025-06-17,777477
2025,2025-06-17,777467
2025,2025-06-18,777468
2025,2025-06-18,777482
2025,2025-06-18,777473
2025,2025-06-18,777472
2025,2025-06-18,777469
2025,2025-06-18,777471
2025,2025-06-18,777453
2025,2025-06-18,777465
2025,2025-06-18,777461
2025,2025-06-18,777466
2025,2025-06-18,777462
2025,2025-06-18,777474
2025,2025-06-18,777470
2025,2025-06-18,777463
2025,2025-06-19,777460
2025,2025-06-19,777454
2025,2025-06-19,777456
2025,2025-06-19,777457
2025,2025-06-19,777464
2025,2025-06-19,777458
2025,2025-08-18,777459
2025,2025-06-19,777452
2025,2025-06-19,777445
2025,2025-06-19,777449
2025,2025-06-19,777451
2025,2025-06-19,777447
2025,2025-06-19,777450
2025,2025-06-19,777443
2025,2025-06-19,777448
2025,2025-06-19,777440
2025,2025-06-19,777444
2025,2025-06-19,777455
2025,2025-06-19,777446
2025,2025-06-20,777441
2025,2025-06-20,777442
2025,2025-06-20,777436
2025,2025-06-20,777432
2025,2025-06-20,777431
2025,2025-06-20,777438
2025,2025-06-20,777435
2025,2025-06-20,777439
2025,2025-06-20,777433
2025,2025-06-20,777437
2025,2025-06-21,777434
2025,2025-06-21,777430
2025,2025-06-21,777428
2025,2025-06-21,777426
2025,2025-06-21,777429
2025,2025-06-21,777427
2025,2025-06-21,777425
2025,2025-06-21,777420
2025,2025-06-21,777422
2025,2025-06-21,777412
2025,2025-06-21,777415
2025,2025-06-21,777419
2025,2025-06-21,777418
2025,2025-06-21,777417
2025,2025-06-21,777421
2025,2025-06-21,777424
2025,2025-06-21,777413
2025,2025-06-21,777423
2025,2025-06-22,777410
2025,2025-06-22,777414
2025,2025-06-22,777411
2025,2025-06-22,777416
2025,2025-06-22,777406
2025,2025-06-22,777409
2025,2025-06-22,777404
2025,2025-06-22,777408
2025,2025-06-22,777402
2025,2025-06-22,777401
2025,2025-06-22,777407
2025,2025-06-22,777403
2025,2025-06-22,777399
2025,2025-06-22,777400
2025,2025-06-22,777395
2025,2025-06-22,777397
2025,2025-06-22,777398
2025,2025-06-22,777396
2025,2025-06-22,777405
2025,2025-06-23,777394
2025,2025-06-23,777389
2025,2025-06-23,777390
2025,2025-06-23,777388
2025,2025-06-23,777393
2025,2025-06-23,777391
2025,2025-06-23,777392
2025,2025-06-24,777381
2025,2025-06-24,777382
2025,2025-06-24,777380
2025,2025-06-24,777386
2025,2025-06-24,777384
2025,2025-06-24,777387
2025,2025-06-24,777385
2025,2025-06-24,777378
2025,2025-06-24,777375
2025,2025-06-24,777383
2025,2025-06-24,777374
2025,2025-06-24,777373
2025,2025-06-25,777377
2025,2025-06-25,777379
2025,2025-06-25,777376
2025,2025-06-25,777372
2025,2025-06-25,777364
2025,2025-06-25,777370
2025,2025-06-25,777361
2025,2025-06-25,777362
2025,2025-06-25,777360
2025,2025-06-25,777365
2025,2025-06-25,777371
2025,2025-06-25,777368
2025,2025-06-25,777369
2025,2025-06-25,777367
2025,2025-06-25,777359
2025,2025-06-25,777363
2025,2025-06-25,777357
2025,2025-06-26,777366
2025,2025-06-26,777358
2025,2025-06-26,777355
2025,2025-06-26,777351
2025,2025-06-26,777354
2025,2025-06-26,777356
2025,2025-06-26,777353
2025,2025-06-26,777350
2025,2025-06-26,777348
2025,2025-06-26,777344
2025,2025-06-26,777347
2025,2025-06-26,777352
2025,2025-06-27,777341
2025,2025-06-27,777343
2025,2025-06-27,777337
2025,2025-06-27,777346
2025,2025-06-27,777349
2025,2025-06-27,777345
2025,2025-06-27,777334
2025,2025-06-27,777342
2025,2025-06-27,777338
2025,2025-06-28,777340
2025,2025-06-28,777336
2025,2025-06-28,777335
2025,2025-06-28,777339
2025,2025-06-28,777331
2025,2025-06-28,777332
2025,2025-06-28,777326
2025,2025-06-28,777324
2025,2025-06-28,777325
2025,2025-06-28,777330
2025,2025-06-28,777322
2025,2025-06-28,777319
2025,2025-06-28,777328
2025,2025-06-28,777329
2025,2025-06-28,777323
2025,2025-06-28,777327
2025,2025-06-28,777318
2025,2025-06-28,777321
2025,2025-06-28,777320
2025,2025-06-28,777333
2025,2025-06-29,777315
2025,2025-06-29,777309
2025,2025-06-29,777313
2025,2025-06-29,777317
2025,2025-06-29,777310
2025,2025-06-29,777316
2025,2025-06-29,777307
2025,2025-06-29,777312
2025,2025-06-29,777308
2025,2025-06-29,777304
2025,2025-06-29,777311
2025,2025-06-29,777301
2025,2025-06-29,777302
2025,2025-06-29,777305
2025,2025-06-29,777303
2025,2025-06-29,777314
2025,2025-06-30,777306
2025,2025-06-30,777299
2025,2025-06-30,777295
2025,2025-06-30,777300
2025,2025-06-30,777296
2025,2025-07-01,777292
2025,2025-07-01,777297
2025,2025-07-01,777291
2025,2025-07-01,777283
2025,2025-07-01,777288
2025,2025-07-01,777293
2025,2025-07-01,777286
2025,2025-07-02,777294
2025,2025-07-01,777298
2025,2025-07-02,777287
2025,2025-07-02,777282
2025,2025-07-02,777285
2025,2025-07-02,777281
2025,2025-07-02,777278
2025,2025-07-02,777280
2025,2025-07-02,777290
2025,2025-07-02,777284
2025,2025-07-02,777289
2025,2025-07-02,777271
2025,2025-07-02,777272
2025,2025-07-02,777265
2025,2025-07-02,777273
2025,2025-07-02,777276
2025,2025-07-02,777275
2025,2025-07-02,777274
2025,2025-07-02,777277
2025,2025-07-02,777279
2025,2025-07-03,777266
2025,2025-07-03,777268
2025,2025-07-03,777269
2025,2025-07-03,777262
2025,2025-07-03,777270
2025,2025-07-03,777267
2025,2025-07-03,777263
2025,2025-07-03,777264
2025,2025-07-03,777258
2025,2025-07-03,777260
2025,2025-07-03,777257
2025,2025-07-03,777261
2025,2025-07-04,777259
2025,2025-07-04,777256
2025,2025-07-04,777251
2025,2025-07-04,777253
2025,2025-07-04,777245
2025,2025-07-04,777255
2025,2025-07-04,777246
2025,2025-07-04,777250
2025,2025-07-04,777236
2025,2025-07-04,777247
2025,2025-07-04,777239
2025,2025-07-04,777242
2025,2025-07-04,777249
2025,2025-07-04,777254
2025,2025-07-04,777252
2025,2025-07-05,777243
2025,2025-07-05,777235
2025,2025-07-05,777248
2025,2025-07-05,777244
2025,2025-07-05,777230
2025,2025-07-05,777229
2025,2025-07-05,777231
2025,2025-07-05,777228
2025,2025-07-05,777233
2025,2025-07-05,777234
2025,2025-07-05,777237
2025,2025-07-05,777241
2025,2025-07-05,777238
2025,2025-07-05,777240
2025,2025-07-05,777221
2025,2025-07-06,777232
2025,2025-07-06,777223
2025,2025-07-06,777227
2025,2025-07-06,777225
2025,2025-07-06,777222
2025,2025-07-06,777213
2025,2025-07-06,777217
2025,2025-07-06,777214
2025,2025-07-06,777226
2025,2025-07-06,777216
2025,2025-07-06,777224
2025,2025-07-06,777220
2025,2025-07-06,777215
2025,2025-07-06,777218
2025,2025-07-06,777206
2025,2025-07-06,777205
2025,2025-07-06,777219
2025,2025-07-07,777207
2025,2025-07-07,777210
2025,2025-07-07,777211
2025,2025-07-07,777209
2025,2025-07-07,777208
2025,2025-07-07,777204
2025,2025-07-07,777212
2025,2025-07-07,777201
2025,2025-07-08,777202
2025,2025-07-08,777200
2025,2025-07-08,777203
2025,2025-07-08,777199
2025,2025-07-08,777198
2025,2025-07-08,777195
2025,2025-07-08,777187
2025,2025-07-08,777196
2025,2025-07-08,777197
2025,2025-07-08,777194
2025,2025-07-08,777190
2025,2025-07-08,777188
2025,2025-07-08,777193
2025,2025-07-08,777191
2025,2025-07-09,777192
2025,2025-07-09,777180
2025,2025-07-09,777185
2025,2025-07-09,777186
2025,2025-07-09,777189
2025,2025-07-09,777172
2025,2025-07-09,777175
2025,2025-07-09,777163
2025,2025-07-09,777182
2025,2025-07-09,777184
2025,2025-07-09,777179
2025,2025-07-09,777183
2025,2025-07-09,777177
2025,2025-07-09,777173
2025,2025-07-09,777178
2025,2025-07-10,777174
2025,2025-07-10,777171
2025,2025-07-10,777162
2025,2025-07-10,777176
2025,2025-07-10,777181
2025,2025-07-10,777165
2025,2025-07-10,777166
2025,2025-07-10,777168
2025,2025-07-10,777169
2025,2025-07-10,777170
2025,2025-07-10,777167
2025,2025-07-11,777156
2025,2025-07-11,777159
2025,2025-07-11,777158
2025,2025-07-11,777164
2025,2025-07-12,777146
2025,2025-07-11,777157
2025,2025-07-11,777153
2025,2025-07-11,777160
2025,2025-07-11,777161
2025,2025-07-11,777155
2025,2025-07-12,777151
2025,2025-07-12,777154
2025,2025-07-12,777148
2025,2025-07-12,777149
2025,2025-07-12,777147
2025,2025-07-12,777150
2025,2025-07-12,777139
2025,2025-07-12,777152
2025,2025-07-12,777143
2025,2025-07-12,793451
2025,2025-07-12,777142
2025,2025-07-12,777145
2025,2025-07-12,777134
2025,2025-07-12,777133
2025,2025-07-12,777127
2025,2025-07-12,777141
2025,2025-07-12,777140
2025,2025-07-12,777136
2025,2025-07-12,777144
2025,2025-07-12,777138
2025,2025-07-12,777135
2025,2025-07-12,777137
2025,2025-07-12,777126
2025,2025-07-13,777131
2025,2025-07-13,777132
2025,2025-07-13,777130
2025,2025-07-13,777129
2025,2025-07-13,777122
2025,2025-07-13,777128
2025,2025-07-13,777121
2025,2025-07-13,777124
2025,2025-07-13,777125
2025,2025-07-13,777113
2025,2025-07-13,777120
2025,2025-07-13,777123
2025,2025-07-13,777118
2025,2025-07-13,777119
2025,2025-07-13,777116
2025,2025-07-13,777115
2025,2025-07-13,777117
2025,2025-07-16,778566
2025,2025-07-18,777101
2025,2025-07-18,777107
2025,2025-07-18,777112
2025,2025-07-18,777106
2025,2025-07-18,777108
2025,2025-07-18,777111
2025,2025-07-18,777105
2025,2025-07-18,777109
2025,2025-07-18,777114
2025,2025-07-18,777110
2025,2025-07-19,777098
2025,2025-07-19,777102
2025,2025-07-19,777100
2025,2025-07-19,777099
2025,2025-07-19,777103
2025,2025-07-19,777094
2025,2025-07-19,777092
2025,2025-07-19,777093
2025,2025-07-19,777089
2025,2025-07-19,777090
2025,2025-07-19,777091
2025,2025-07-19,777095
2025,2025-07-19,777088
2025,2025-07-19,777104
2025,2025-07-19,777096
2025,2025-07-19,777081
2025,2025-07-19,777097
2025,2025-07-20,777080
2025,2025-07-20,777085
2025,2025-07-20,777086
2025,2025-07-20,777079
2025,2025-07-20,777076
2025,2025-07-20,777077
2025,2025-07-20,777078
2025,2025-07-20,777074
2025,2025-07-20,777083
2025,2025-07-20,777087
2025,2025-07-20,777084
2025,2025-07-20,777082
2025,2025-07-20,777075
2025,2025-07-20,777072
2025,2025-07-20,777067
2025,2025-07-20,777071
2025,2025-07-20,777070
2025,2025-07-20,777073
2025,2025-07-21,777068
2025,2025-07-21,777060
2025,2025-07-21,777062
2025,2025-07-21,777064
2025,2025-07-21,777063
2025,2025-07-21,777066
2025,2025-07-21,777061
2025,2025-07-21,777069
2025,2025-07-21,777059
2025,2025-07-22,777065
2025,2025-07-22,777057
2025,2025-07-22,777053
2025,2025-07-22,777055
2025,2025-07-22,777050
2025,2025-07-22,777051
2025,2025-07-22,777056
2025,2025-07-22,777044
2025,2025-07-22,777052
2025,2025-07-22,777042
2025,2025-07-22,777045
2025,2025-07-22,777048
2025,2025-07-22,777046
2025,2025-07-22,777054
2025,2025-07-22,777058
2025,2025-07-23,777047
2025,2025-07-23,777043
2025,2025-07-23,777049
2025,2025-07-23,777040
2025,2025-07-23,777035
2025,2025-07-23,777039
2025,2025-07-23,777026
2025,2025-07-23,777037
2025,2025-07-23,777041
2025,2025-07-23,777029
2025,2025-07-23,777034
2025,2025-07-23,777031
2025,2025-07-23,777028
2025,2025-07-23,777032
2025,2025-07-23,777024
2025,2025-07-23,777022
2025,2025-07-23,777036
2025,2025-07-23,777027
2025,2025-07-23,777038
2025,2025-07-23,777030
2025,2025-07-24,777033
2025,2025-07-24,777019
2025,2025-07-24,777021
2025,2025-07-24,777023
2025,2025-07-25,777025
2025,2025-07-25,777018
2025,2025-07-25,777008
2025,2025-07-25,777014
2025,2025-07-25,777020
2025,2025-07-25,777015
2025,2025-07-25,777012
2025,2025-07-25,777013
2025,2025-07-25,777016
2025,2025-07-25,777005
2025,2025-07-25,777017
2025,2025-07-26,777009
2025,2025-07-26,777007
2025,2025-07-26,777011
2025,2025-07-26,777006
2025,2025-07-26,777004
2025,2025-07-26,777010
2025,2025-07-26,777001
2025,2025-07-26,776990
2025,2025-07-26,777003
2025,2025-07-26,777002
2025,2025-07-26,777000
2025,2025-07-26,776999
2025,2025-07-26,776993
2025,2025-07-26,776991
2025,2025-07-26,776997
2025,2025-07-26,776994
2025,2025-07-26,776996
2025,2025-07-26,776998
2025,2025-07-26,776992
2025,2025-07-27,776985
2025,2025-07-27,776995
2025,2025-07-27,776986
2025,2025-07-27,776983
2025,2025-07-27,776984
2025,2025-07-27,776988
2025,2025-07-27,776982
2025,2025-07-27,776987
2025,2025-07-27,776975
2025,2025-07-27,776976
2025,2025-07-27,776979
2025,2025-07-27,776989
2025,2025-07-27,776978
2025,2025-07-27,776980
2025,2025-07-27,776981
2025,2025-07-27,776977
2025,2025-07-27,776974
2025,2025-07-28,776966
2025,2025-07-28,776968
2025,2025-07-28,776973
2025,2025-07-28,776970
2025,2025-07-28,776967
2025,2025-07-28,776961
2025,2025-07-28,776971
2025,2025-07-28,776972
2025,2025-07-28,776965
2025,2025-07-28,776960
2025,2025-07-29,776969
2025,2025-07-29,776958
2025,2025-07-29,776959
2025,2025-07-29,776964
2025,2025-07-29,776957
2025,2025-07-29,776962
2025,2025-07-29,776951
2025,2025-07-29,776953
2025,2025-07-29,776949
2025,2025-07-29,776963
2025,2025-07-29,776954
2025,2025-07-29,776955
2025,2025-07-29,776952
2025,2025-07-29,776956
2025,2025-07-29,776946
2025,2025-07-30,776950
2025,2025-07-30,776945
2025,2025-07-30,776947
2025,2025-07-30,776943
2025,2025-07-30,776944
2025,2025-07-30,776948
2025,2025-07-30,776940
2025,2025-07-30,776935
2025,2025-07-30,776937
2025,2025-07-30,776936
2025,2025-07-30,776939
2025,2025-07-30,776929
2025,2025-07-30,776933
2025,2025-07-30,776931
2025,2025-07-30,776942
2025,2025-07-30,776938
2025,2025-07-30,776941
2025,2025-07-30,776934
2025,2025-07-31,776932
2025,2025-07-31,776930
2025,2025-07-31,776927
2025,2025-07-31,776928
2025,2025-08-01,776923
2025,2025-08-01,776921
2025,2025-08-01,776915
2025,2025-08-01,776913
2025,2025-08-01,776917
2025,2025-08-01,776920
2025,2025-08-01,776922
2025,2025-08-01,776926
2025,2025-08-01,776924
2025,2025-08-01,776925
2025,2025-08-01,776918
2025,2025-08-02,776919
2025,2025-08-02,776916
2025,2025-08-02,776906
2025,2025-08-02,776914
2025,2025-08-02,776908
2025,2025-08-02,776901
2025,2025-08-02,776902
2025,2025-08-02,776900
2025,2025-08-02,776904
2025,2025-08-02,776912
2025,2025-08-02,776903
2025,2025-08-02,776909
2025,2025-08-02,776911
2025,2025-08-02,776897
2025,2025-08-02,776905
2025,2025-08-02,776910
2025,2025-08-03,776907
2025,2025-08-03,776899
2025,2025-08-03,776898
2025,2025-08-03,776896
2025,2025-08-03,776895
2025,2025-08-03,776889
2025,2025-08-03,776894
2025,2025-08-03,776893
2025,2025-08-03,776887
2025,2025-08-03,776892
2025,2025-08-03,776891
2025,2025-08-03,776888
2025,2025-08-03,776886
2025,2025-08-03,776881
2025,2025-08-03,776885
2025,2025-08-03,776884
2025,2025-08-03,776883
2025,2025-08-03,776890
2025,2025-08-04,776879
2025,2025-08-04,776874
2025,2025-08-04,776875
2025,2025-08-04,776877
2025,2025-08-04,776880
2025,2025-08-04,776876
2025,2025-08-04,776882
2025,2025-08-05,776878
2025,2025-08-05,776871
2025,2025-08-05,776872
2025,2025-08-05,776867
2025,2025-08-05,776873
2025,2025-08-05,776870
2025,2025-08-05,776866
2025,2025-08-05,776861
2025,2025-08-05,776862
2025,2025-08-05,776865
2025,2025-08-05,776868
2025,2025-08-05,776864
2025,2025-08-05,776863
2025,2025-08-05,776869
2025,2025-08-06,776860
2025,2025-08-06,776855
2025,2025-08-06,776854
2025,2025-08-06,776848
2025,2025-08-06,776852
2025,2025-08-06,776857
2025,2025-08-06,776858
2025,2025-08-06,776844
2025,2025-08-06,776851
2025,2025-08-06,776846
2025,2025-08-06,776859
2025,2025-08-06,776847
2025,2025-08-06,776845
2025,2025-08-06,776836
2025,2025-08-06,776843
2025,2025-08-06,776839
2025,2025-08-06,776849
2025,2025-08-06,776850
2025,2025-08-06,776856
2025,2025-08-06,776853
2025,2025-08-07,776838
2025,2025-08-07,776841
2025,2025-08-07,776837
2025,2025-08-07,776830
2025,2025-08-07,776840
2025,2025-08-07,776842
2025,2025-08-08,776829
2025,2025-08-08,776831
2025,2025-08-08,776835
2025,2025-08-08,776832
2025,2025-08-08,776834
2025,2025-08-08,776833
2025,2025-08-09,776821
2025,2025-08-09,776827
2025,2025-08-09,776828
2025,2025-08-09,776826
2025,2025-08-09,776825
2025,2025-08-09,776820
2025,2025-08-09,776824
2025,2025-08-09,776823
2025,2025-08-09,776822
2025,2025-08-09,776819
2025,2025-08-09,776815
2025,2025-08-09,776802
2025,2025-08-09,776813
2025,2025-08-09,776812
2025,2025-08-09,776811
2025,2025-08-09,776816
2025,2025-08-09,776814
2025,2025-08-09,776817
2025,2025-08-09,776818
2025,2025-08-09,776810
2025,2025-08-10,776809
2025,2025-08-10,776807
2025,2025-08-10,776808
2025,2025-08-10,776805
2025,2025-08-10,776796
2025,2025-08-10,776804
2025,2025-08-10,776801
2025,2025-08-10,776803
2025,2025-08-10,776797
2025,2025-08-10,776806
2025,2025-08-10,776798
2025,2025-08-10,776799
2025,2025-08-10,776800
2025,2025-08-10,776793
2025,2025-08-10,776794
2025,2025-08-10,776789
2025,2025-08-10,776791
2025,2025-08-10,776788
2025,2025-08-10,776795
2025,2025-08-11,776792
2025,2025-08-11,776790
2025,2025-08-11,776784
2025,2025-08-11,776781
2025,2025-08-11,776786
2025,2025-08-11,776783
2025,2025-08-12,776785
2025,2025-08-12,776782
2025,2025-08-12,776779
2025,2025-08-12,776780
2025,2025-08-12,776787
2025,2025-08-12,776776
2025,2025-08-12,776777
2025,2025-08-12,776778
2025,2025-08-12,776774
2025,2025-08-12,776768
2025,2025-08-12,776772
2025,2025-08-12,776770
2025,2025-08-12,776773
2025,2025-08-12,776771
2025,2025-08-12,776775
2025,2025-08-13,776764
2025,2025-08-13,776769
2025,2025-08-13,776763
2025,2025-08-13,776767
2025,2025-08-13,776762
2025,2025-08-13,776759
2025,2025-08-13,776754
2025,2025-08-13,776755
2025,2025-08-13,776758
2025,2025-08-13,776746
2025,2025-08-13,776749
2025,2025-08-13,776765
2025,2025-08-13,776761
2025,2025-08-13,776766
2025,2025-08-13,776760
2025,2025-08-13,776757
2025,2025-08-13,776753
2025,2025-08-13,776756
2025,2025-08-14,776752
2025,2025-08-14,776751
2025,2025-08-14,776750
2025,2025-08-14,776747
2025,2025-08-14,776745
2025,2025-08-14,776743
2025,2025-08-14,776748
2025,2025-08-14,776744
2025,2025-08-15,776742
2025,2025-08-15,776737
2025,2025-08-15,776740
2025,2025-08-15,776739
2025,2025-08-15,776735
2025,2025-08-15,776736
2025,2025-08-15,776738
2025,2025-08-15,776741
2025,2025-08-16,776733
2025,2025-08-16,776732
2025,2025-08-16,776728
2025,2025-08-16,776731
2025,2025-08-16,776730
2025,2025-08-16,776734
2025,2025-08-16,776727
2025,2025-08-16,776729
2025,2025-08-16,776719
2025,2025-08-16,776723
2025,2025-08-16,776725
2025,2025-08-16,776726
2025,2025-08-16,776724
2025,2025-08-16,776721
2025,2025-08-16,776722
2025,2025-08-16,776720
2025,2025-08-16,776712
2025,2025-08-16,776716
2025,2025-08-16,776713
2025,2025-08-17,776715
2025,2025-08-17,776711
2025,2025-08-17,776717
2025,2025-08-17,776718
2025,2025-08-17,776708
2025,2025-08-17,776714
2025,2025-08-17,776710
2025,2025-08-17,776706
2025,2025-08-17,776709
2025,2025-08-17,776705
2025,2025-08-17,776700
2025,2025-08-17,776702
2025,2025-08-17,776698
2025,2025-08-17,776704
2025,2025-08-17,776701
2025,2025-08-17,776699
2025,2025-08-17,776703
2025,2025-08-17,776697
2025,2025-08-17,776707
2025,2025-08-18,776692
2025,2025-08-18,776694
2025,2025-08-18,776688
2025,2025-08-18,776689
2025,2025-08-18,776695
2025,2025-08-18,776696
2025,2025-08-18,776690
2025,2025-08-19,776693
2025,2025-08-19,776681
2025,2025-08-19,776682
2025,2025-08-19,776683
2025,2025-08-19,776691
2025,2025-08-20,776676
2025,2025-08-19,776685
2025,2025-08-19,776679
2025,2025-08-19,776686
2025,2025-08-19,776678
2025,2025-08-19,776680
2025,2025-08-19,776684
2025,2025-08-19,776687
2025,2025-08-19,776677
2025,2025-08-19,776675
2025,2025-08-19,776674
2025,2025-08-20,776671
2025,2025-08-20,776668
2025,2025-08-20,776672
2025,2025-08-20,776667
2025,2025-08-20,776661
2025,2025-08-20,776662
2025,2025-08-20,776673
2025,2025-08-20,776658
2025,2025-08-20,776670
2025,2025-08-20,776659
2025,2025-08-20,776669
2025,2025-08-20,776664
2025,2025-08-20,776666
2025,2025-08-20,776665
2025,2025-08-21,776663
2025,2025-08-21,776660
2025,2025-08-21,776652
2025,2025-08-21,776656
2025,2025-08-21,776653
2025,2025-08-21,776657
2025,2025-08-21,776651
2025,2025-08-21,776644
2025,2025-08-21,776650
2025,2025-08-21,776642
2025,2025-08-21,776655
2025,2025-08-21,776654
2025,2025-08-21,776631
2025,2025-08-22,776637
2025,2025-08-22,776648
2025,2025-08-22,776643
2025,2025-08-22,776647
2025,2025-08-22,776649
2025,2025-08-22,776646
2025,2025-08-22,776645
2025,2025-08-22,776633
2025,2025-08-22,776639
2025,2025-08-23,776641
2025,2025-08-23,776634
2025,2025-08-23,776640
2025,2025-08-23,776635
2025,2025-08-23,776636
2025,2025-08-23,776638
2025,2025-08-23,776627
2025,2025-08-23,776630
2025,2025-08-23,776628
2025,2025-08-23,776625
2025,2025-08-23,776632
2025,2025-08-23,776629
2025,2025-08-23,776623
2025,2025-08-23,776619
2025,2025-08-23,776621
2025,2025-08-23,776626
2025,2025-08-24,776622
2025,2025-08-24,776617
2025,2025-08-24,776618
2025,2025-08-24,776620
2025,2025-08-24,776610
2025,2025-08-24,776606
2025,2025-08-24,776612
2025,2025-08-24,776613
2025,2025-08-24,776624
2025,2025-08-24,776615
2025,2025-08-24,776614
2025,2025-08-24,776607
2025,2025-08-24,776608
2025,2025-08-24,776611
2025,2025-08-24,776605
2025,2025-08-24,776609
2025,2025-08-24,776603
2025,2025-08-24,776602
2025,2025-08-24,776616
2025,2025-08-25,776604
2025,2025-08-25,776601
2025,2025-08-25,776600
2025,2025-08-25,776597
2025,2025-08-25,776596
2025,2025-08-25,776598
2025,2025-08-25,776599
2025,2025-08-25,776593
2025,2025-08-25,776589
2025,2025-08-26,776592
2025,2025-08-26,776595
2025,2025-08-26,776590
2025,2025-08-26,776594
2025,2025-08-26,776591
2025,2025-08-26,776584
2025,2025-08-26,776581
2025,2025-08-26,776588
2025,2025-08-26,776582
2025,2025-08-26,776585
2025,2025-08-26,776583
2025,2025-08-26,776586
2025,2025-08-26,776578
2025,2025-08-27,776575
2025,2025-08-27,776587
2025,2025-08-27,776577
2025,2025-08-27,776576
2025,2025-08-27,776573
2025,2025-08-27,776574
2025,2025-08-27,776570
2025,2025-08-27,776580
2025,2025-08-27,776565
2025,2025-08-27,776561
2025,2025-08-27,776579
2025,2025-08-27,776567
2025,2025-08-27,776566
2025,2025-08-27,776569
2025,2025-08-27,776572
2025,2025-08-27,776568
2025,2025-08-28,776563
2025,2025-08-28,776571
2025,2025-08-28,776562
2025,2025-08-28,776557
2025,2025-08-28,776559
2025,2025-08-28,776564
2025,2025-08-28,776555
2025,2025-08-28,776553
2025,2025-08-28,776554
2025,2025-08-28,776550
2025,2025-08-28,776560
2025,2025-08-28,776558
2025,2025-08-28,776556
2025,2025-08-29,776551
2025,2025-08-29,776545
2025,2025-08-29,776552
2025,2025-08-29,776546
2025,2025-08-29,776549
2025,2025-08-29,776547
2025,2025-08-29,776548
2025,2025-08-29,776544
2025,2025-08-30,776543
2025,2025-08-30,776540
2025,2025-08-30,776541
2025,2025-08-30,776542
2025,2025-08-30,776538
2025,2025-08-30,776534
2025,2025-08-30,776533
2025,2025-08-30,776527
2025,2025-08-30,776525
2025,2025-08-30,776539
2025,2025-08-30,776535
2025,2025-08-30,776532
2025,2025-08-30,776536
2025,2025-08-30,776531
2025,2025-08-30,776530
2025,2025-08-30,776529
2025,2025-08-30,776528
2025,2025-08-30,776537
2025,2025-08-30,776516
2025,2025-08-31,776526
2025,2025-08-31,776523
2025,2025-08-31,776524
2025,2025-08-31,776518
2025,2025-08-31,776513
2025,2025-08-31,776517
2025,2025-08-31,776520
2025,2025-08-31,776515
2025,2025-08-31,776521
2025,2025-08-31,776519
2025,2025-08-31,776510
2025,2025-08-31,776512
2025,2025-08-31,776514
2025,2025-08-31,776511
2025,2025-08-31,776507
2025,2025-08-31,776508
2025,2025-08-31,776509
2025,2025-08-31,776522
2025,2025-09-01,776498
2025,2025-09-01,776501
2025,2025-09-01,776503
2025,2025-09-01,776505
2025,2025-09-01,776499
2025,2025-09-01,776502
2025,2025-09-01,776497
2025,2025-09-01,776506
2025,2025-09-01,776492
2025,2025-09-01,776500
2025,2025-09-01,776494
2025,2025-09-01,776504
2025,2025-09-02,776495
2025,2025-09-02,776490
2025,2025-09-02,776496
2025,2025-09-02,776491
2025,2025-09-02,776493
2025,2025-09-02,776482
2025,2025-09-02,776485
2025,2025-09-02,776488
2025,2025-09-02,776487
2025,2025-09-02,776484
2025,2025-09-02,776483
2025,2025-09-03,776489
2025,2025-09-03,776486
2025,2025-09-03,776480
2025,2025-09-03,776481
2025,2025-09-03,776477
2025,2025-09-03,776478
2025,2025-09-03,776468
2025,2025-09-03,776465
2025,2025-09-03,776479
2025,2025-09-03,776475
2025,2025-09-03,776474
2025,2025-09-03,776476
2025,2025-09-03,776466
2025,2025-09-03,776473
2025,2025-09-03,776469
2025,2025-09-03,776471
2025,2025-09-03,776470
2025,2025-09-04,776472
2025,2025-09-04,776467
2025,2025-09-04,776459
2025,2025-09-04,776461
2025,2025-09-04,776458
2025,2025-09-04,776463
2025,2025-09-04,776462
2025,2025-09-04,776464
2025,2025-09-05,776455
2025,2025-09-05,776450
2025,2025-09-05,776452
2025,2025-09-05,776453
2025,2025-09-05,776454
2025,2025-09-05,776457
2025,2025-09-05,776456
2025,2025-09-05,776460
2025,2025-09-05,776451
2025,2025-09-05,776446
2025,2025-09-06,776449
2025,2025-09-06,776445
2025,2025-09-06,776442
2025,2025-09-06,776444
2025,2025-09-06,776448
2025,2025-09-06,776436
2025,2025-09-06,776440
2025,2025-09-06,776433
2025,2025-09-06,776435
2025,2025-09-06,776439
2025,2025-09-06,776441
2025,2025-09-06,776443
2025,2025-09-06,776438
2025,2025-09-06,776437
2025,2025-09-06,776432
2025,2025-09-06,776434
2025,2025-09-06,776447
2025,2025-09-07,776424
2025,2025-09-07,776431
2025,2025-09-07,776430
2025,2025-09-07,776428
2025,2025-09-07,776421
2025,2025-09-07,776427
2025,2025-09-07,776423
2025,2025-09-07,776419
2025,2025-09-07,776429
2025,2025-09-07,776425
2025,2025-09-07,776426
2025,2025-09-07,776422
2025,2025-09-07,776416
2025,2025-09-07,776420
2025,2025-09-07,776418
2025,2025-09-07,776417
2025,2025-09-07,776414
2025,2025-09-07,776415
2025,2025-09-08,776413
2025,2025-09-08,776409
2025,2025-09-08,776405
2025,2025-09-08,776412
2025,2025-09-09,776406
2025,2025-09-09,776411
2025,2025-09-09,776407
2025,2025-09-09,776400
2025,2025-09-09,776399
2025,2025-09-09,776410
2025,2025-09-09,776408
2025,2025-09-09,776401
2025,2025-09-09,776403
2025,2025-09-09,776397
2025,2025-09-09,776404
2025,2025-09-09,776398
2025,2025-09-09,776393
2025,2025-09-09,776402
2025,2025-09-09,776388
2025,2025-09-10,776395
2025,2025-09-10,776390
2025,2025-09-10,776392
2025,2025-09-10,776391
2025,2025-09-10,776394
2025,2025-09-10,776396
2025,2025-09-10,776389
2025,2025-09-10,776375
2025,2025-09-10,776379
2025,2025-09-10,776374
2025,2025-09-10,776376
2025,2025-09-10,776387
2025,2025-09-10,776382
2025,2025-09-10,776386
2025,2025-09-10,776384
2025,2025-09-10,776383
2025,2025-09-10,776385
2025,2025-09-10,776381
2025,2025-09-10,776378
2025,2025-09-11,776377
2025,2025-09-11,776373
2025,2025-09-11,776380
2025,2025-09-11,776372
2025,2025-09-11,776364
2025,2025-09-11,776369
2025,2025-09-11,776367
2025,2025-09-11,776368
2025,2025-09-11,776370
2025,2025-09-11,776371
2025,2025-09-12,776365
2025,2025-09-12,776362
2025,2025-09-12,776352
2025,2025-09-12,776351
2025,2025-09-12,776354
2025,2025-09-12,776353
2025,2025-09-12,776359
2025,2025-09-12,776361
2025,2025-09-12,776366
2025,2025-09-12,776363
2025,2025-09-12,776360
2025,2025-09-13,776355
2025,2025-09-13,776356
2025,2025-09-13,776357
2025,2025-09-13,776358
2025,2025-09-13,776345
2025,2025-09-13,776350
2025,2025-09-13,776338
2025,2025-09-13,776343
2025,2025-09-13,776336
2025,2025-09-13,776349
2025,2025-09-13,776347
2025,2025-09-13,776344
2025,2025-09-13,776342
2025,2025-09-13,776348
2025,2025-09-13,776337
2025,2025-09-13,776346
2025,2025-09-14,776339
2025,2025-09-14,776341
2025,2025-09-14,776328
2025,2025-09-14,776333
2025,2025-09-14,776340
2025,2025-09-14,776320
2025,2025-09-14,776334
2025,2025-09-14,776329
2025,2025-09-14,776322
2025,2025-09-14,776335
2025,2025-09-14,776331
2025,2025-09-14,776332
2025,2025-09-14,776324
2025,2025-09-14,776326
2025,2025-09-14,776321
2025,2025-09-14,776327
2025,2025-09-14,776325
2025,2025-09-14,776323
2025,2025-09-14,776317
2025,2025-09-14,776330
2025,2025-09-15,776318
2025,2025-09-15,776315
2025,2025-09-15,776316
2025,2025-09-15,776314
2025,2025-09-15,776313
2025,2025-09-15,776312
2025,2025-09-16,776319
2025,2025-09-16,776309
2025,2025-09-16,776311
2025,2025-09-16,776307
2025,2025-09-16,776303
2025,2025-09-16,776308
2025,2025-09-16,776310
2025,2025-09-16,776304
2025,2025-09-16,776305
2025,2025-09-16,776302
2025,2025-09-16,776306
2025,2025-09-16,776298
2025,2025-09-16,776295
2025,2025-09-16,776300
2025,2025-09-17,776301
2025,2025-09-17,776293
2025,2025-09-17,776294
2025,2025-09-17,776297
2025,2025-09-17,776287
2025,2025-09-17,776283
2025,2025-09-17,776285
2025,2025-09-17,776279
2025,2025-09-17,776286
2025,2025-09-17,776296
2025,2025-09-17,776299
2025,2025-09-17,776290
2025,2025-09-17,776288
2025,2025-09-17,776289
2025,2025-09-17,776284
2025,2025-09-17,776291
2025,2025-09-18,776292
2025,2025-09-18,776277
2025,2025-09-18,776280
2025,2025-09-18,776275
2025,2025-09-18,776276
2025,2025-09-18,776269
2025,2025-09-18,776281
2025,2025-09-18,776272
2025,2025-09-18,776270
2025,2025-09-18,776282
2025,2025-09-18,776278
2025,2025-09-18,776274
2025,2025-09-19,776271
2025,2025-09-19,776267
2025,2025-09-19,776266
2025,2025-09-19,776268
2025,2025-09-19,776273
2025,2025-09-19,776259
2025,2025-09-19,776261
2025,2025-09-19,776260
2025,2025-09-19,776264
2025,2025-09-20,776251
2025,2025-09-20,776253
2025,2025-09-20,776262
2025,2025-09-20,776263
2025,2025-09-20,776265
2025,2025-09-20,776255
2025,2025-09-20,776256
2025,2025-09-20,776258
2025,2025-09-20,776243
2025,2025-09-20,776252
2025,2025-09-20,776254
2025,2025-09-20,776249
2025,2025-09-20,776247
2025,2025-09-20,776242
2025,2025-09-20,776257
2025,2025-09-20,776248
2025,2025-09-20,776245
2025,2025-09-20,776250
2025,2025-09-20,776244
2025,2025-09-21,776241
2025,2025-09-21,776246
2025,2025-09-21,776233
2025,2025-09-21,776238
2025,2025-09-21,776234
2025,2025-09-21,776240
2025,2025-09-21,776239
2025,2025-09-21,776237
2025,2025-09-21,776229
2025,2025-09-21,776225
2025,2025-09-21,776235
2025,2025-09-21,776231
2025,2025-09-21,776226
2025,2025-09-21,776232
2025,2025-09-21,776227
2025,2025-09-21,776230
2025,2025-09-21,776228
2025,2025-09-21,776236
2025,2025-09-22,776221
2025,2025-09-23,776222
2025,2025-09-23,776220
2025,2025-09-23,776223
2025,2025-09-23,776218
2025,2025-09-23,776224
2025,2025-09-23,776215
2025,2025-09-23,776216
2025,2025-09-23,776217
2025,2025-09-23,776219
2025,2025-09-23,776209
2025,2025-09-24,776210
2025,2025-09-24,776207
2025,2025-09-24,776213
2025,2025-09-24,776212
2025,2025-09-24,776214
2025,2025-09-24,776211
2025,2025-09-24,776208
2025,2025-09-24,776200
2025,2025-09-24,776198
2025,2025-09-24,776203
2025,2025-09-24,776204
2025,2025-09-24,776202
2025,2025-09-24,776201
2025,2025-09-24,776199
2025,2025-09-24,776206
2025,2025-09-25,776205
2025,2025-09-25,776192
2025,2025-09-25,776197
2025,2025-09-25,776193
2025,2025-09-25,776194
2025,2025-09-25,776196
2025,2025-09-25,776195
2025,2025-09-25,776190
2025,2025-09-25,776191
2025,2025-09-25,776183
2025,2025-09-25,776182
2025,2025-09-25,776185
2025,2025-09-25,776188
2025,2025-09-25,776189
2025,2025-09-25,776184
2025,2025-09-25,776186
2025,2025-09-25,776187
2025,2025-09-26,776178
2025,2025-09-26,776179
2025,2025-09-26,776167
2025,2025-09-26,776176
2025,2025-09-26,776165
2025,2025-09-26,776174
2025,2025-09-26,776177
2025,2025-09-26,776181
2025,2025-09-26,776175
2025,2025-09-26,776173
2025,2025-09-26,776180
2025,2025-09-27,776171
2025,2025-09-27,776169
2025,2025-09-27,776170
2025,2025-09-27,776168
2025,2025-09-27,776172
2025,2025-09-27,776166
2025,2025-09-27,776162
2025,2025-09-27,776164
2025,2025-09-27,776159
2025,2025-09-27,776146
2025,2025-09-27,776160
2025,2025-09-27,776157
2025,2025-09-27,776161
2025,2025-09-27,776163
2025,2025-09-27,776158
2025,2025-09-27,776156
2025,2025-09-27,776153
2025,2025-09-28,776152
2025,2025-09-28,776155
2025,2025-09-28,776150
2025,2025-09-28,776154
2025,2025-09-28,776151
2025,2025-09-28,776138
2025,2025-09-28,776137
2025,2025-09-28,776141
2025,2025-09-28,776143
2025,2025-09-28,776140
2025,2025-09-28,776135
2025,2025-09-28,776145
2025,2025-09-28,776136
2025,2025-09-28,776139
2025,2025-09-28,776147
2025,2025-09-28,776148
2025,2025-09-28,776144
2025,2025-09-28,776149
2025,2025-09-28,776142
2025,2025-09-30,813072
2025,2025-09-30,813066
2025,2025-09-30,813074
2025,2025-10-01,813069
2025,2025-10-01,813071
2025,2025-10-01,813064
2025,2025-10-01,813070
2025,2025-10-02,813068
2025,2025-10-02,813073
2025,2025-10-02,813059
2025,2025-10-03,813065
2025,2025-10-04,813047
2025,2025-10-04,813063
2025,2025-10-04,813051
2025,2025-10-05,813058
2025,2025-10-05,813062
2025,2025-10-06,813057
2025,2025-10-06,813052
2025,2025-10-07,813048
2025,2025-10-07,813056
2025,2025-10-08,813061
2025,2025-10-08,813055
2025,2025-10-08,813049
2025,2025-10-08,813060
2025,2025-10-09,813041
2025,2025-10-09,813042
2025,2025-10-10,813050
2025,2025-10-11,813054
2025,2025-10-12,813046
2025,2025-10-13,813040
2025,2025-10-13,813044
2025,2025-10-14,813036
2025,2025-10-15,813034
2025,2025-10-16,813043
2025,2025-10-16,813033
2025,2025-10-17,813035
2025,2025-10-17,813039
2025,2025-10-18,813031
2025,2025-10-20,813038
2025,2025-10-21,813037
2025,2025-10-25,813027
2025,2025-10-26,813026
2025,2025-10-28,813032
2025,2025-10-29,813023
2025,2025-10-30,813022
2025,2025-11-01,813025
