mlbid,PA,AB,pitches,AVG,K,K%,BB,BB%,obp,SLG,OPS,ISO,swings,Whiffs,Whiff%,SwStr%,Called Strikes,cStr%,CSW%,Chase%,Putaway%
621493,548,476,2305,0.221,142,25.91,62,11.31,0.311,0.454,0.765,0.233,859,207,24.1,8.98,537,23.3,32.28,20.8,20.79
621566,508,428,2262,0.269,116,22.83,75,14.76,0.381,0.495,0.876,0.22599999999999998,997,253,25.38,11.18,338,14.94,26.13,23.53,14.94
672695,504,412,2136,0.267,68,13.49,68,13.49,0.378,0.451,0.829,0.184,825,117,14.18,5.48,460,21.54,27.01,18.34,10.95
646240,490,395,2131,0.258,127,25.92,90,18.37,0.395,0.514,0.909,0.256,953,309,32.42,14.5,265,12.44,26.94,24.76,19.0
592450,518,418,2110,0.328,123,23.75,87,16.8,0.446,0.658,1.104,0.33,897,305,34.0,14.45,311,14.74,29.19,22.17,19.58
668227,507,427,2088,0.237,140,27.61,53,10.45,0.35,0.412,0.762,0.175,895,279,31.17,13.36,397,19.01,32.38,23.85,21.12
642715,507,432,2066,0.234,125,24.65,62,12.23,0.333,0.419,0.752,0.18499999999999997,988,293,29.66,14.18,284,13.75,27.93,27.14,19.75
663728,501,411,2061,0.231,127,25.35,79,15.77,0.362,0.547,0.909,0.31600000000000006,1008,299,29.66,14.51,209,10.14,24.65,30.21,20.75
596019,505,444,2056,0.282,101,20.0,45,8.91,0.358,0.511,0.869,0.22900000000000004,967,214,22.13,10.41,332,16.15,26.56,25.31,16.58
545361,453,366,2030,0.235,139,30.68,74,16.34,0.369,0.456,0.825,0.22100000000000003,783,233,29.76,11.48,381,18.77,30.25,20.0,22.4
671732,509,452,2022,0.246,130,25.54,53,10.41,0.325,0.42,0.745,0.174,961,305,31.74,15.08,267,13.2,28.29,26.18,22.11
668930,467,410,2003,0.28,108,23.13,51,10.92,0.359,0.454,0.813,0.174,890,186,20.9,9.29,351,17.52,26.81,24.0,16.59
542303,451,378,2003,0.235,111,24.61,64,14.19,0.347,0.415,0.762,0.18,798,216,27.07,10.78,395,19.72,30.5,22.88,16.57
665742,467,369,2002,0.276,78,16.7,94,20.13,0.423,0.572,0.9949999999999999,0.29599999999999993,658,134,20.36,6.69,415,20.73,27.42,13.91,15.07
660271,477,385,1997,0.278,119,24.95,85,17.82,0.411,0.649,1.06,0.371,853,284,33.29,14.22,266,13.32,27.54,23.99,22.12
695578,463,389,1996,0.244,150,32.4,68,14.69,0.359,0.465,0.8240000000000001,0.22100000000000003,751,244,32.49,12.22,408,20.44,32.67,22.18,26.27
677951,541,492,1993,0.287,95,17.56,36,6.65,0.34,0.504,0.8440000000000001,0.21700000000000003,1012,242,23.91,12.14,275,13.8,25.94,30.88,16.29
572233,507,464,1991,0.235,142,28.01,32,6.31,0.296,0.427,0.723,0.192,1031,327,31.72,16.42,244,12.26,28.68,28.34,22.72
667670,538,486,1989,0.253,129,23.98,44,8.18,0.32,0.473,0.7929999999999999,0.21999999999999997,1007,314,31.18,15.79,249,12.52,28.31,26.69,22.63
608070,477,419,1987,0.267,56,11.74,48,10.06,0.35,0.499,0.849,0.23199999999999998,891,132,14.81,6.64,305,15.35,21.99,29.24,10.02
668804,487,439,1980,0.241,124,25.46,39,8.01,0.312,0.39,0.702,0.14900000000000002,978,287,29.35,14.49,257,12.98,27.47,26.16,19.47
621020,501,456,1977,0.232,126,25.15,37,7.39,0.29,0.397,0.687,0.165,992,293,29.54,14.82,269,13.61,28.43,25.79,20.49
672580,530,477,1974,0.279,64,12.08,44,8.3,0.338,0.432,0.77,0.15299999999999997,797,111,13.93,5.62,428,21.68,27.3,19.87,12.52
641857,459,395,1973,0.223,148,32.24,58,12.64,0.324,0.415,0.739,0.19199999999999998,899,311,34.59,15.76,294,14.9,30.66,25.0,23.44
664023,473,403,1966,0.246,106,22.41,64,13.53,0.349,0.442,0.7909999999999999,0.196,852,204,23.94,10.38,353,17.96,28.33,21.77,17.5
686469,520,470,1966,0.281,68,13.08,41,7.88,0.346,0.511,0.857,0.22999999999999998,918,156,16.99,7.93,325,16.53,24.47,29.86,12.88
624413,505,443,1960,0.291,101,20.0,43,8.51,0.362,0.567,0.9289999999999999,0.27599999999999997,915,221,24.15,11.28,303,15.46,26.73,27.6,18.4
680757,472,422,1945,0.284,40,8.47,40,8.47,0.345,0.419,0.764,0.135,804,73,9.08,3.75,424,21.8,25.55,22.95,7.12
592518,492,451,1942,0.284,95,19.31,35,7.11,0.336,0.448,0.784,0.16400000000000003,975,254,26.05,13.08,271,13.95,27.03,30.61,14.81
683737,493,433,1937,0.275,111,22.52,48,9.74,0.358,0.559,0.917,0.28400000000000003,913,226,24.75,11.67,299,15.44,27.1,23.06,17.51
681082,440,388,1933,0.265,69,15.68,44,10.0,0.339,0.42,0.759,0.15499999999999997,782,123,15.73,6.36,438,22.66,29.02,23.97,11.06
665487,506,441,1931,0.281,95,18.77,58,11.46,0.372,0.474,0.846,0.19299999999999995,878,240,27.33,12.43,277,14.34,26.77,24.59,18.73
682829,490,430,1925,0.277,120,24.49,56,11.43,0.362,0.486,0.848,0.20899999999999996,840,268,31.9,13.92,323,16.78,30.7,26.82,22.43
665489,521,454,1916,0.282,74,14.2,58,11.13,0.367,0.452,0.819,0.17000000000000004,805,179,22.24,9.34,338,17.64,26.98,22.09,16.04
573262,454,383,1912,0.256,86,18.94,65,14.32,0.362,0.446,0.808,0.19,778,141,18.12,7.37,350,18.31,25.68,21.03,14.46
671218,506,451,1906,0.257,109,21.54,37,7.31,0.33,0.392,0.722,0.135,901,225,24.97,11.8,332,17.42,29.22,29.95,18.99
670770,488,406,1906,0.268,80,16.39,63,12.91,0.378,0.394,0.772,0.126,757,123,16.25,6.45,378,19.83,26.29,17.56,15.69
641355,482,435,1905,0.244,73,15.15,39,8.09,0.304,0.437,0.741,0.193,939,175,18.64,9.19,297,15.59,24.78,31.51,13.47
656941,449,370,1902,0.232,120,26.73,72,16.04,0.364,0.541,0.905,0.30900000000000005,781,256,32.78,13.46,288,15.14,28.6,21.68,22.88
663993,439,385,1895,0.252,108,24.6,47,10.71,0.333,0.429,0.762,0.177,848,211,24.88,11.13,316,16.68,27.81,23.85,17.77
650402,456,389,1889,0.247,79,17.32,57,12.5,0.345,0.344,0.689,0.09699999999999998,797,158,19.82,8.36,319,16.89,25.25,17.18,12.82
673548,460,413,1887,0.252,119,25.87,42,9.13,0.32,0.482,0.802,0.22999999999999998,785,203,25.86,10.76,393,20.83,31.58,21.9,19.16
641487,443,387,1886,0.279,82,18.51,49,11.06,0.361,0.382,0.743,0.10299999999999998,869,172,19.79,9.12,300,15.91,25.03,23.29,14.29
663697,456,402,1877,0.231,83,18.2,44,9.65,0.32,0.348,0.6679999999999999,0.11699999999999997,765,149,19.48,7.94,409,21.79,29.73,19.88,14.12
679529,459,404,1867,0.23,127,27.67,44,9.59,0.318,0.433,0.751,0.20299999999999999,836,229,27.39,12.27,310,16.6,28.87,21.5,21.39
514888,530,477,1864,0.266,81,15.28,43,8.11,0.329,0.436,0.765,0.16999999999999998,925,180,19.46,9.66,307,16.47,26.13,39.0,15.96
661388,478,415,1862,0.267,88,18.41,57,11.92,0.354,0.422,0.776,0.15499999999999997,870,212,24.37,11.39,278,14.93,26.32,26.21,16.41
682985,455,421,1858,0.276,141,30.99,29,6.37,0.323,0.563,0.8859999999999999,0.2869999999999999,996,318,31.93,17.12,195,10.5,27.61,31.67,22.56
677594,524,480,1849,0.271,107,20.42,30,5.73,0.328,0.467,0.795,0.196,1021,289,28.31,15.63,225,12.17,27.8,36.98,18.51
553993,474,429,1849,0.252,139,29.32,26,5.49,0.313,0.552,0.865,0.30000000000000004,946,300,31.71,16.22,264,14.28,30.5,31.99,23.44
680776,488,426,1842,0.277,112,22.95,50,10.25,0.363,0.488,0.851,0.21099999999999997,851,240,28.2,13.03,287,15.58,28.61,29.67,22.81
650490,470,425,1840,0.306,76,16.17,38,8.09,0.366,0.454,0.8200000000000001,0.14800000000000002,795,155,19.5,8.42,341,18.53,26.96,22.87,15.64
663538,502,458,1836,0.275,41,8.17,35,6.97,0.33,0.349,0.679,0.07399999999999995,872,99,11.35,5.39,359,19.55,24.95,31.24,8.09
596115,484,453,1832,0.265,135,27.89,24,4.96,0.308,0.435,0.743,0.16999999999999998,982,296,30.14,16.16,260,14.19,30.35,35.09,23.18
680574,446,396,1815,0.217,127,28.48,39,8.74,0.291,0.341,0.632,0.12400000000000003,784,225,28.7,12.4,370,20.39,32.78,26.85,22.28
645277,482,426,1809,0.225,76,15.77,49,10.17,0.31,0.345,0.655,0.11999999999999997,933,203,21.76,11.22,199,11.0,22.22,30.79,14.99
666182,491,452,1807,0.312,77,15.68,33,6.72,0.36,0.465,0.825,0.15300000000000002,931,171,18.37,9.46,258,14.28,23.74,33.8,14.69
666176,469,432,1802,0.227,127,27.08,23,4.9,0.281,0.463,0.744,0.23600000000000002,949,276,29.08,15.32,234,12.99,28.3,33.69,20.62
607043,448,403,1796,0.263,92,20.54,38,8.48,0.327,0.447,0.774,0.184,832,196,23.56,10.91,308,17.15,28.06,22.85,16.64
592885,440,387,1794,0.274,110,25.0,47,10.68,0.357,0.504,0.861,0.22999999999999998,813,229,28.17,12.76,285,15.89,28.65,25.24,19.31
666158,442,390,1792,0.282,95,21.49,49,11.09,0.361,0.4,0.761,0.11800000000000005,767,158,20.6,8.82,317,17.69,26.51,19.48,17.18
669701,443,388,1787,0.263,68,15.35,46,10.38,0.35,0.405,0.755,0.14200000000000002,791,133,16.81,7.44,321,17.96,25.41,24.82,12.83
668715,438,391,1782,0.24,96,21.92,39,8.9,0.316,0.404,0.72,0.16400000000000003,843,210,24.91,11.78,298,16.72,28.51,24.08,17.02
687597,452,412,1781,0.248,132,29.2,34,7.52,0.309,0.393,0.702,0.14500000000000002,839,272,32.42,15.27,313,17.57,32.85,26.69,24.63
682998,442,385,1778,0.265,109,24.66,49,11.09,0.351,0.566,0.9169999999999999,0.30099999999999993,866,216,24.94,12.15,249,14.0,26.15,32.48,20.11
687263,445,402,1776,0.264,114,25.62,26,5.84,0.326,0.468,0.794,0.20400000000000001,842,228,27.08,12.84,272,15.32,28.15,28.95,20.73
702616,471,421,1774,0.259,97,20.59,45,9.55,0.334,0.401,0.7350000000000001,0.14200000000000002,842,199,23.63,11.22,263,14.83,26.04,22.11,19.52
521692,497,461,1772,0.243,96,19.32,22,4.43,0.291,0.486,0.7769999999999999,0.243,977,270,27.64,15.24,202,11.4,26.64,40.08,18.71
665833,420,363,1771,0.229,130,30.95,48,11.43,0.32,0.438,0.758,0.209,726,230,31.68,12.99,329,18.58,31.56,28.38,23.3
605141,477,424,1763,0.257,49,10.27,44,9.22,0.326,0.399,0.7250000000000001,0.14200000000000002,728,114,15.66,6.47,368,20.87,27.34,21.42,11.21
518692,452,398,1756,0.299,86,19.03,46,10.18,0.374,0.5,0.874,0.201,887,232,26.16,13.21,193,10.99,24.2,28.05,18.45
691406,461,426,1755,0.27,94,20.39,29,6.29,0.317,0.549,0.8660000000000001,0.279,893,219,24.52,12.48,244,13.9,26.38,32.28,17.66
663757,426,362,1753,0.254,96,22.54,61,14.32,0.364,0.506,0.87,0.252,680,149,21.91,8.5,338,19.28,27.78,16.75,18.9
663616,449,397,1749,0.254,92,20.49,44,9.8,0.33,0.428,0.758,0.174,780,220,28.21,12.58,304,17.38,29.96,27.51,19.53
656811,438,377,1747,0.281,82,18.72,49,11.19,0.368,0.427,0.7949999999999999,0.14599999999999996,817,186,22.77,10.65,247,14.14,24.79,26.64,15.5
691016,478,424,1733,0.278,103,21.55,47,9.83,0.356,0.491,0.847,0.21299999999999997,831,205,24.67,11.83,228,13.16,24.99,27.14,21.12
624424,406,350,1731,0.189,100,24.63,47,11.58,0.29,0.32,0.61,0.131,775,188,24.26,10.86,288,16.64,27.5,22.87,17.49
681624,464,431,1731,0.258,98,21.12,20,4.31,0.298,0.471,0.7689999999999999,0.21299999999999997,931,197,21.16,11.38,253,14.62,26.0,34.26,17.16
621043,445,412,1730,0.277,88,19.78,30,6.74,0.327,0.391,0.718,0.11399999999999999,806,180,22.33,10.4,331,19.13,29.54,29.31,15.93
543807,437,376,1727,0.327,80,18.31,48,10.98,0.412,0.588,1.0,0.26099999999999995,797,209,26.22,12.1,247,14.3,26.4,20.63,16.29
650333,471,437,1708,0.304,11,2.34,26,5.52,0.341,0.41,0.751,0.10599999999999998,844,37,4.38,2.17,337,19.73,21.9,35.5,2.47
808982,451,402,1706,0.276,41,9.09,40,8.87,0.346,0.428,0.774,0.15199999999999997,753,94,12.48,5.51,310,18.17,23.68,20.53,8.65
656305,411,347,1706,0.233,103,25.06,54,13.14,0.344,0.455,0.7989999999999999,0.222,714,183,25.63,10.73,308,18.05,28.78,19.71,20.08
683002,441,385,1699,0.299,86,19.5,48,10.88,0.379,0.499,0.878,0.2,817,202,24.72,11.89,245,14.42,26.31,28.59,18.06
678246,416,366,1696,0.224,72,17.31,42,10.1,0.313,0.393,0.706,0.169,783,163,20.82,9.61,268,15.8,25.41,20.93,13.55
657757,393,351,1693,0.251,79,20.1,34,8.65,0.324,0.453,0.777,0.202,747,169,22.62,9.98,315,18.61,28.59,31.51,15.61
686217,420,372,1692,0.282,57,13.57,37,8.81,0.349,0.433,0.782,0.15100000000000002,736,94,12.77,5.56,330,19.5,25.06,25.03,11.56
700932,436,384,1687,0.245,110,25.23,41,9.4,0.326,0.464,0.79,0.21900000000000003,811,219,27.0,12.98,276,16.36,29.34,26.69,21.22
694384,441,382,1686,0.262,57,12.93,46,10.43,0.35,0.395,0.745,0.133,760,116,15.26,6.88,286,16.96,23.84,25.42,13.26
683011,424,385,1682,0.195,109,25.71,29,6.84,0.254,0.382,0.636,0.187,795,204,25.66,12.13,308,18.31,30.44,23.67,21.01
663457,403,350,1676,0.249,72,17.87,47,11.66,0.34,0.394,0.734,0.14500000000000002,669,135,20.18,8.05,336,20.05,28.1,21.63,15.35
663647,449,414,1675,0.242,86,19.15,29,6.46,0.299,0.319,0.618,0.07700000000000001,732,151,20.63,9.01,344,20.54,29.55,26.35,17.89
660821,423,382,1674,0.251,89,21.04,38,8.98,0.318,0.421,0.739,0.16999999999999998,815,205,25.15,12.25,225,13.44,25.69,29.34,17.37
650859,442,403,1663,0.241,84,19.0,30,6.79,0.296,0.325,0.621,0.08400000000000002,844,181,21.45,10.88,252,15.15,26.04,30.07,16.37
694671,409,355,1653,0.237,110,26.89,44,10.76,0.325,0.428,0.753,0.191,715,183,25.59,11.07,304,18.39,29.46,24.18,19.86
606192,415,386,1646,0.246,112,26.99,21,5.06,0.285,0.453,0.738,0.20700000000000002,817,267,32.68,16.22,286,17.38,33.6,30.28,22.0
457705,403,346,1645,0.228,82,20.35,49,12.16,0.326,0.358,0.6839999999999999,0.12999999999999998,758,194,25.59,11.79,248,15.08,26.87,19.38,16.6
670623,368,318,1641,0.264,67,18.21,41,11.14,0.357,0.475,0.832,0.21099999999999997,677,110,16.25,6.7,319,19.44,26.14,20.93,12.15
680718,414,377,1641,0.249,94,22.71,30,7.25,0.308,0.48,0.788,0.23099999999999998,812,209,25.74,12.74,244,14.87,27.61,31.05,18.73
690993,422,371,1641,0.267,90,21.33,45,10.66,0.347,0.439,0.786,0.172,741,165,22.27,10.05,289,17.61,27.67,25.25,19.03
607208,437,400,1635,0.295,75,17.16,29,6.64,0.346,0.455,0.8009999999999999,0.16000000000000003,828,222,26.81,13.58,226,13.82,27.4,30.83,14.91
682928,439,394,1612,0.269,72,16.4,29,6.61,0.332,0.477,0.8089999999999999,0.20799999999999996,812,179,22.04,11.1,234,14.52,25.62,30.38,16.36
691718,454,415,1604,0.275,97,21.37,24,5.29,0.319,0.53,0.849,0.255,964,271,28.11,16.9,127,7.92,24.81,41.71,19.72
696100,439,412,1599,0.277,118,26.88,22,5.01,0.317,0.51,0.827,0.23299999999999998,889,282,31.72,17.64,183,11.44,29.08,38.68,24.48
605137,416,362,1596,0.262,60,14.42,43,10.34,0.346,0.45,0.796,0.188,747,156,20.88,9.77,231,14.47,24.25,26.27,13.32
593871,410,366,1594,0.254,62,15.12,35,8.54,0.321,0.481,0.802,0.22699999999999998,712,163,22.89,10.23,269,16.88,27.1,24.2,14.25
656716,393,344,1593,0.247,85,21.63,39,9.92,0.33,0.416,0.746,0.16899999999999998,749,174,23.23,10.92,265,16.64,27.56,27.03,17.21
575929,418,367,1592,0.251,106,25.36,28,6.7,0.333,0.433,0.766,0.182,794,232,29.22,14.57,248,15.58,30.15,31.72,21.41
694192,441,412,1591,0.245,88,19.95,19,4.31,0.28,0.422,0.702,0.177,868,227,26.15,14.27,226,14.2,28.47,37.84,17.39
664040,408,368,1589,0.28,104,25.49,33,8.09,0.335,0.538,0.873,0.258,884,281,31.79,17.68,149,9.38,27.06,31.5,21.49
596146,399,348,1584,0.216,76,19.05,42,10.53,0.305,0.399,0.704,0.18300000000000002,752,176,23.4,11.11,217,13.7,24.81,26.68,16.0
671739,458,440,1584,0.252,89,19.43,11,2.4,0.27,0.42,0.69,0.16799999999999998,918,210,22.88,13.26,208,13.13,26.39,43.31,19.02
624428,392,359,1580,0.279,60,15.31,22,5.61,0.327,0.37,0.6970000000000001,0.09099999999999997,799,144,18.02,9.11,254,16.08,25.19,28.59,11.79
621439,419,380,1577,0.253,124,29.59,28,6.68,0.313,0.516,0.829,0.263,815,268,32.88,16.99,201,12.75,29.74,30.26,25.83
665862,384,333,1569,0.24,112,29.17,47,12.24,0.336,0.508,0.8440000000000001,0.268,732,241,32.92,15.36,230,14.66,30.02,26.71,24.67
656775,366,323,1565,0.198,99,27.05,35,9.56,0.279,0.378,0.657,0.18,760,187,24.61,11.95,222,14.19,26.13,26.8,18.05
700250,411,361,1563,0.269,67,16.3,40,9.73,0.356,0.504,0.86,0.235,676,130,19.23,8.32,280,17.91,26.23,19.87,16.3
663656,399,329,1558,0.267,57,14.29,63,15.79,0.385,0.471,0.856,0.20399999999999996,682,141,20.67,9.05,199,12.77,21.82,17.83,14.5
592663,384,347,1549,0.277,86,22.4,26,6.77,0.337,0.406,0.7430000000000001,0.129,762,183,24.02,11.81,234,15.11,26.92,32.59,17.88
666969,404,371,1548,0.237,91,22.52,20,4.95,0.279,0.41,0.6890000000000001,0.173,810,246,30.37,15.89,204,13.18,29.07,35.78,20.27
669364,422,379,1530,0.306,57,13.51,35,8.29,0.368,0.391,0.759,0.08500000000000002,738,86,11.65,5.62,219,14.31,19.93,25.68,13.33
672820,404,384,1510,0.26,98,24.26,14,3.47,0.29,0.432,0.722,0.172,764,182,23.82,12.05,293,19.4,31.46,40.08,20.76
678882,426,396,1507,0.26,84,19.72,21,4.93,0.306,0.414,0.72,0.15399999999999997,887,226,25.48,15.0,187,12.41,27.41,43.6,17.04
669127,400,361,1503,0.247,77,19.25,34,8.5,0.31,0.493,0.8029999999999999,0.246,759,190,25.03,12.64,207,13.77,26.41,29.5,16.74
691026,375,342,1501,0.251,71,18.93,23,6.13,0.309,0.368,0.677,0.11699999999999999,676,138,20.41,9.19,292,19.45,28.65,24.34,16.21
543760,391,346,1499,0.228,67,17.14,33,8.44,0.3,0.379,0.679,0.151,751,160,21.3,10.67,182,12.14,22.82,23.88,15.12
630105,351,286,1495,0.245,75,21.37,48,13.68,0.364,0.388,0.752,0.14300000000000002,634,127,20.03,8.49,276,18.46,26.96,22.79,15.23
606466,372,321,1491,0.287,58,15.59,43,11.56,0.376,0.517,0.893,0.23000000000000004,648,152,23.46,10.19,240,16.1,26.29,23.62,14.25
671277,421,393,1490,0.27,66,15.68,21,4.99,0.305,0.458,0.763,0.188,793,158,19.92,10.6,219,14.7,25.3,38.2,15.64
681481,401,373,1490,0.257,92,22.94,16,3.99,0.3,0.512,0.812,0.255,798,216,27.07,14.5,178,11.95,26.44,34.35,22.12
682663,420,387,1483,0.238,70,16.67,23,5.48,0.289,0.432,0.721,0.194,748,171,22.86,11.53,216,14.57,26.1,31.76,16.71
664770,387,346,1476,0.257,48,12.4,32,8.27,0.32,0.413,0.733,0.15599999999999997,730,100,13.7,6.78,237,16.06,22.83,32.19,10.76
687462,360,321,1474,0.283,60,16.67,37,10.28,0.358,0.455,0.813,0.17200000000000004,677,112,16.54,7.6,236,16.01,23.61,22.73,13.04
676475,419,379,1474,0.296,59,14.08,32,7.64,0.353,0.478,0.831,0.182,720,119,16.53,8.07,221,14.99,23.07,28.63,16.48
593428,385,337,1472,0.249,68,17.66,34,8.83,0.321,0.374,0.6950000000000001,0.125,621,140,22.54,9.51,321,21.81,31.32,24.62,17.44
686668,402,378,1468,0.209,110,27.36,20,4.98,0.247,0.341,0.5880000000000001,0.13200000000000003,723,225,31.12,15.33,231,15.74,31.06,30.42,25.29
592206,402,374,1460,0.254,84,20.9,21,5.22,0.294,0.406,0.7,0.15200000000000002,841,249,29.61,17.05,140,9.59,26.64,39.97,18.54
673237,450,429,1460,0.256,70,15.56,14,3.11,0.282,0.413,0.695,0.15699999999999997,857,192,22.4,13.15,147,10.07,23.22,44.73,17.37
683146,349,316,1453,0.256,89,25.5,29,8.31,0.316,0.449,0.765,0.193,677,196,28.95,13.49,238,16.38,29.87,24.46,20.0
502671,366,340,1446,0.247,81,22.13,19,5.19,0.289,0.329,0.618,0.08200000000000002,722,160,22.16,11.07,240,16.6,27.66,30.29,17.12
681351,373,349,1445,0.203,120,32.17,19,5.09,0.246,0.358,0.604,0.15499999999999997,759,258,33.99,17.85,191,13.22,31.07,32.44,24.95
666971,391,358,1437,0.229,64,16.37,18,4.6,0.272,0.413,0.685,0.18399999999999997,726,153,21.07,10.65,244,16.98,27.63,34.24,14.92
665161,436,396,1433,0.311,79,18.12,25,5.73,0.368,0.49,0.858,0.179,709,191,26.94,13.33,232,16.19,29.52,34.08,22.77
682177,360,326,1421,0.215,95,26.39,31,8.61,0.287,0.383,0.6699999999999999,0.168,650,186,28.62,13.09,241,16.96,30.05,25.88,23.28
672386,362,324,1420,0.284,40,11.05,33,9.12,0.348,0.423,0.7709999999999999,0.139,674,124,18.4,8.73,230,16.2,24.93,28.23,9.8
701358,356,326,1415,0.227,99,27.81,26,7.3,0.292,0.325,0.617,0.098,709,197,27.79,13.92,234,16.54,30.46,32.31,20.04
669257,322,268,1413,0.306,63,19.57,43,13.35,0.403,0.511,0.914,0.20500000000000002,572,122,21.33,8.63,284,20.1,28.73,20.63,13.4
672640,403,366,1412,0.27,52,12.9,32,7.94,0.333,0.413,0.746,0.14299999999999996,650,117,18.0,8.29,272,19.26,27.55,29.28,14.99
608324,363,320,1410,0.256,50,13.77,32,8.82,0.337,0.472,0.8089999999999999,0.21599999999999997,590,89,15.08,6.31,283,20.07,26.38,20.54,12.2
663586,346,320,1410,0.259,106,30.64,22,6.36,0.312,0.431,0.743,0.172,721,218,30.24,15.46,196,13.9,29.36,29.01,22.6
643217,379,333,1408,0.231,61,16.09,39,10.29,0.312,0.396,0.708,0.165,673,145,21.55,10.3,182,12.93,23.22,26.03,17.78
467793,328,285,1397,0.214,65,19.82,35,10.67,0.304,0.316,0.62,0.10200000000000001,630,158,25.08,11.31,212,15.18,26.49,24.72,15.93
677950,381,353,1395,0.252,102,26.77,19,4.99,0.296,0.377,0.673,0.125,730,208,28.49,14.91,215,15.41,30.32,33.64,25.95
805367,349,310,1393,0.242,45,12.89,30,8.6,0.32,0.31,0.63,0.068,529,72,13.61,5.17,374,26.85,32.02,23.58,11.08
647304,413,362,1388,0.298,49,11.86,39,9.44,0.368,0.475,0.843,0.177,740,141,19.05,10.16,152,10.95,21.11,34.73,15.08
686948,351,318,1387,0.267,53,15.1,31,8.83,0.336,0.472,0.808,0.20499999999999996,688,134,19.48,9.66,194,13.99,23.65,29.65,13.35
666160,401,380,1376,0.276,91,22.69,17,4.24,0.309,0.547,0.8560000000000001,0.271,801,227,28.34,16.5,150,10.9,27.4,39.62,23.33
666310,329,283,1373,0.201,86,26.14,38,11.55,0.294,0.41,0.704,0.20899999999999996,625,139,22.24,10.12,235,17.12,27.24,24.01,18.9
686797,350,318,1370,0.22,55,15.71,25,7.14,0.279,0.365,0.644,0.145,684,152,22.22,11.09,191,13.94,25.04,30.57,13.42
669065,354,308,1365,0.299,104,29.38,39,11.02,0.38,0.601,0.981,0.302,724,244,33.7,17.88,120,8.79,26.67,26.09,26.53
701762,336,283,1359,0.336,97,28.87,51,15.18,0.439,0.714,1.153,0.37799999999999995,585,205,35.04,15.08,212,15.6,30.68,20.5,25.73
702332,374,325,1358,0.255,43,11.5,23,6.15,0.337,0.385,0.722,0.13,597,82,13.74,6.04,267,19.66,25.7,25.24,12.22
657656,330,299,1357,0.281,88,26.67,22,6.67,0.34,0.508,0.8480000000000001,0.22699999999999998,650,185,28.46,13.63,220,16.21,29.85,26.81,20.0
677800,349,312,1352,0.25,87,24.93,34,9.74,0.321,0.487,0.808,0.237,691,162,23.44,11.98,179,13.24,25.22,28.66,20.23
673962,365,342,1347,0.251,98,26.85,21,5.75,0.299,0.383,0.6819999999999999,0.132,671,178,26.53,13.21,227,16.85,30.07,32.84,23.54
666018,324,286,1345,0.329,80,24.69,29,8.95,0.398,0.531,0.929,0.202,678,168,24.78,12.49,183,13.61,26.1,29.4,17.98
687401,365,335,1344,0.206,54,14.79,23,6.3,0.259,0.278,0.537,0.07200000000000004,622,102,16.4,7.59,304,22.62,30.21,33.0,13.85
547180,351,292,1343,0.253,71,20.23,51,14.53,0.37,0.493,0.863,0.24,677,194,28.66,14.45,126,9.38,23.83,32.94,19.02
666134,322,279,1342,0.219,81,25.16,33,10.25,0.305,0.333,0.638,0.11400000000000002,623,170,27.29,12.67,221,16.47,29.14,26.06,19.71
650489,341,298,1342,0.218,89,26.1,34,9.97,0.315,0.339,0.654,0.12100000000000002,688,205,29.8,15.28,171,12.74,28.02,31.08,20.37
669016,338,303,1325,0.3,78,23.08,28,8.28,0.356,0.482,0.838,0.182,629,136,21.62,10.26,214,16.15,26.42,28.08,18.55
805779,406,376,1321,0.303,31,7.64,22,5.42,0.351,0.431,0.782,0.128,634,69,10.88,5.22,249,18.85,24.07,32.11,11.27
643446,355,310,1319,0.245,39,10.99,35,9.86,0.33,0.426,0.756,0.181,697,105,15.06,7.96,155,11.75,19.71,26.64,10.03
693307,349,323,1317,0.26,83,23.78,14,4.01,0.308,0.372,0.6799999999999999,0.11199999999999999,659,175,26.56,13.29,236,17.92,31.21,33.11,20.0
527038,314,279,1316,0.244,59,18.79,25,7.96,0.317,0.376,0.6930000000000001,0.132,610,124,20.33,9.42,264,20.06,29.48,30.33,13.79
666139,311,281,1311,0.242,70,22.51,25,8.04,0.307,0.42,0.727,0.178,725,191,26.34,14.57,142,10.83,25.4,37.07,15.56
664761,370,342,1308,0.284,62,16.76,19,5.14,0.324,0.389,0.7130000000000001,0.10500000000000004,627,97,15.47,7.42,221,16.9,24.31,25.88,17.13
643565,314,276,1308,0.272,68,21.66,35,11.15,0.357,0.395,0.752,0.123,605,131,21.65,10.02,217,16.59,26.61,23.99,16.07
669357,310,269,1306,0.201,111,35.81,37,11.94,0.295,0.349,0.6439999999999999,0.14799999999999996,623,219,35.15,16.77,182,13.94,30.7,27.5,26.18
571970,304,239,1303,0.272,59,19.41,57,18.75,0.414,0.523,0.937,0.251,542,122,22.51,9.36,202,15.5,24.87,19.28,15.34
671056,328,291,1301,0.268,66,20.12,24,7.32,0.343,0.399,0.742,0.131,597,143,23.95,10.99,233,17.91,28.9,26.21,15.31
664034,350,313,1298,0.262,60,17.14,16,4.57,0.33,0.348,0.6779999999999999,0.08599999999999997,668,143,21.41,11.02,161,12.4,23.42,31.08,14.85
672275,332,296,1294,0.226,97,29.22,23,6.93,0.285,0.331,0.616,0.10500000000000001,623,168,26.97,12.98,209,16.15,29.13,27.04,24.62
689414,326,281,1293,0.256,46,14.11,35,10.74,0.349,0.367,0.716,0.11099999999999999,476,73,15.34,5.65,302,23.36,29.0,16.94,13.26
665966,316,288,1293,0.24,83,26.27,23,7.28,0.296,0.427,0.723,0.187,638,179,28.06,13.84,205,15.85,29.7,29.71,19.39
676391,401,370,1286,0.254,42,10.47,19,4.74,0.295,0.327,0.622,0.07300000000000001,679,106,15.61,8.24,190,14.77,23.02,35.41,14.14
664056,346,307,1284,0.3,80,23.12,27,7.8,0.369,0.476,0.845,0.176,607,166,27.35,12.93,221,17.21,30.14,32.64,22.92
676572,330,303,1272,0.231,64,19.39,22,6.67,0.282,0.33,0.612,0.099,591,138,23.35,10.85,241,18.95,29.8,26.97,16.98
680977,347,308,1271,0.315,38,10.95,31,8.93,0.383,0.471,0.854,0.15599999999999997,549,65,11.84,5.11,229,18.02,23.13,23.52,12.18
691176,326,288,1268,0.274,81,24.85,32,9.82,0.348,0.42,0.768,0.14599999999999996,636,159,25.0,12.54,149,11.75,24.29,31.59,20.45
680777,321,294,1263,0.248,68,21.18,23,7.17,0.307,0.388,0.6950000000000001,0.14,514,103,20.04,8.16,280,22.17,30.32,26.74,18.63
807713,321,287,1256,0.223,69,21.5,28,8.72,0.293,0.369,0.6619999999999999,0.146,584,137,23.46,10.91,241,19.19,30.1,30.25,17.97
686555,296,247,1252,0.279,63,21.28,43,14.53,0.389,0.413,0.802,0.13399999999999995,521,113,21.69,9.03,226,18.05,27.08,17.15,15.86
672356,336,304,1249,0.224,111,33.04,20,5.95,0.284,0.342,0.626,0.11800000000000002,699,268,38.34,21.46,132,10.57,32.03,38.85,26.88
668901,327,296,1243,0.226,84,25.69,23,7.03,0.291,0.395,0.6859999999999999,0.169,632,205,32.44,16.49,188,15.12,31.62,31.97,23.4
687363,332,290,1242,0.221,75,22.59,31,9.34,0.31,0.317,0.627,0.096,614,155,25.24,12.48,157,12.64,25.12,24.4,19.48
502054,328,290,1235,0.255,70,21.34,32,9.76,0.33,0.386,0.716,0.131,530,127,23.96,10.28,248,20.08,30.36,20.04,20.47
669224,312,276,1223,0.21,83,26.6,22,7.05,0.271,0.431,0.702,0.221,627,167,26.63,13.65,159,13.0,26.66,28.71,21.03
660670,287,239,1216,0.305,66,23.0,45,15.68,0.422,0.556,0.978,0.25100000000000006,565,164,29.03,13.49,150,12.34,25.82,23.33,17.33
571448,325,299,1213,0.217,42,12.92,20,6.15,0.272,0.368,0.64,0.151,574,108,18.82,8.9,213,17.56,26.46,32.2,12.69
665019,298,270,1190,0.219,70,23.49,23,7.72,0.286,0.496,0.782,0.277,572,134,23.43,11.26,190,15.97,27.23,27.94,19.66
664728,334,304,1188,0.263,54,16.17,18,5.39,0.302,0.375,0.677,0.11199999999999999,552,88,15.94,7.41,235,19.78,27.19,27.72,15.47
643396,336,312,1186,0.276,57,16.96,15,4.46,0.315,0.353,0.6679999999999999,0.07699999999999996,574,83,14.46,7.0,237,19.98,26.98,32.24,17.07
605170,324,291,1186,0.268,49,15.12,22,6.79,0.327,0.399,0.726,0.131,548,98,17.88,8.26,193,16.27,24.54,22.48,15.12
683734,315,291,1184,0.23,62,19.68,17,5.4,0.273,0.388,0.661,0.158,559,132,23.61,11.15,202,17.06,28.21,29.67,19.14
670242,296,251,1182,0.195,94,31.76,35,11.82,0.308,0.462,0.77,0.267,588,228,38.78,19.29,139,11.76,31.05,28.07,26.4
671289,309,267,1181,0.277,37,11.97,28,9.06,0.364,0.352,0.716,0.07499999999999996,541,69,12.75,5.84,202,17.1,22.95,26.15,10.45
642133,289,269,1181,0.242,73,25.26,14,4.84,0.281,0.472,0.753,0.22999999999999998,525,137,26.1,11.6,223,18.88,30.48,29.52,20.92
669720,312,289,1180,0.249,83,26.6,17,5.45,0.286,0.422,0.708,0.173,615,200,32.52,16.95,166,14.07,31.02,35.9,22.74
641680,302,276,1173,0.214,57,18.87,22,7.28,0.273,0.33,0.603,0.11600000000000002,578,137,23.7,11.68,189,16.11,27.79,30.18,16.72
656976,264,226,1156,0.265,83,31.44,35,13.26,0.361,0.456,0.817,0.191,476,145,30.46,12.54,226,19.55,32.09,22.64,22.55
608348,292,255,1155,0.239,58,19.86,30,10.27,0.323,0.416,0.739,0.177,499,97,19.44,8.4,210,18.18,26.58,20.71,16.62
665926,284,249,1155,0.221,48,16.9,21,7.39,0.301,0.329,0.63,0.10800000000000001,589,134,22.75,11.6,178,15.41,27.01,33.27,12.77
691023,289,265,1154,0.2,94,32.53,21,7.27,0.263,0.291,0.554,0.09099999999999997,568,206,36.27,17.85,179,15.51,33.36,33.82,24.28
592626,287,252,1152,0.179,61,21.25,28,9.76,0.273,0.317,0.5900000000000001,0.138,530,136,25.66,11.81,181,15.71,27.52,27.86,18.71
682657,315,299,1151,0.197,76,24.13,10,3.17,0.227,0.318,0.545,0.121,659,152,23.07,13.21,157,13.64,26.85,43.79,21.29
595777,265,223,1143,0.238,41,15.47,37,13.96,0.356,0.444,0.8,0.20600000000000002,508,87,17.13,7.61,180,15.75,23.36,21.95,11.36
673357,318,289,1137,0.211,90,28.3,24,7.55,0.272,0.329,0.601,0.11800000000000002,622,202,32.48,17.77,127,11.17,28.94,34.62,24.45
669397,304,274,1136,0.223,79,25.99,19,6.25,0.279,0.255,0.534,0.032,536,129,24.07,11.36,211,18.57,29.93,25.29,22.83
681297,268,242,1130,0.198,95,35.45,24,8.96,0.276,0.384,0.66,0.186,485,170,35.05,15.04,212,18.76,33.81,23.85,27.38
802415,328,307,1128,0.293,34,10.37,15,4.57,0.325,0.362,0.687,0.069,541,57,10.54,5.05,229,20.3,25.35,28.78,11.93
608369,296,245,1125,0.298,50,16.89,47,15.88,0.412,0.514,0.9259999999999999,0.21600000000000003,527,131,24.86,11.64,96,8.53,20.18,20.73,16.84
672761,275,246,1117,0.228,64,23.27,24,8.73,0.302,0.386,0.688,0.158,549,146,26.59,13.07,182,16.29,29.36,33.1,19.1
678662,301,280,1108,0.246,73,24.25,12,3.99,0.278,0.4,0.678,0.15400000000000003,678,215,31.71,19.4,91,8.21,27.62,41.98,19.57
701538,314,283,1105,0.279,74,23.57,24,7.64,0.339,0.505,0.8440000000000001,0.22599999999999998,657,186,28.31,16.83,84,7.6,24.43,37.14,23.32
676694,311,276,1099,0.293,56,18.01,28,9.0,0.36,0.377,0.737,0.08400000000000002,518,113,21.81,10.28,167,15.2,25.48,24.18,20.0
668709,271,239,1078,0.18,73,26.94,31,11.44,0.273,0.377,0.65,0.197,469,144,30.7,13.36,188,17.44,30.8,23.75,22.74
700337,266,236,1073,0.22,48,18.05,25,9.4,0.301,0.301,0.602,0.08099999999999999,505,115,22.77,10.72,170,15.84,26.56,18.49,14.91
595879,302,287,1067,0.23,77,25.5,7,2.32,0.259,0.383,0.642,0.153,584,192,32.88,17.99,157,14.71,32.71,45.1,26.83
663886,268,238,1067,0.227,100,37.31,25,9.33,0.299,0.416,0.715,0.18899999999999997,465,145,31.18,13.59,218,20.43,34.02,27.06,28.82
668939,257,225,1067,0.204,40,15.56,27,10.51,0.29,0.369,0.659,0.165,457,68,14.88,6.37,208,19.49,25.87,23.95,12.74
693304,309,290,1065,0.266,55,17.8,14,4.53,0.298,0.355,0.653,0.08899999999999997,607,153,25.21,14.37,106,9.95,24.32,32.86,17.94
624585,264,233,1062,0.215,79,29.92,23,8.71,0.293,0.386,0.679,0.171,479,151,31.52,14.22,185,17.42,31.64,25.54,24.16
668904,286,267,1056,0.236,58,20.28,16,5.59,0.278,0.386,0.664,0.15000000000000002,549,149,27.14,14.11,167,15.81,29.92,33.33,19.93
660162,262,225,1035,0.24,69,26.34,30,11.45,0.344,0.471,0.815,0.23099999999999998,459,138,30.07,13.33,159,15.36,28.7,23.94,23.71
602104,274,245,1033,0.233,57,20.8,17,6.2,0.278,0.367,0.645,0.13399999999999998,498,126,25.3,12.2,163,15.78,27.98,25.96,17.98
700242,277,251,1031,0.187,78,28.16,24,8.66,0.256,0.291,0.5469999999999999,0.10399999999999998,520,149,28.65,14.45,143,13.87,28.32,28.45,23.42
686780,276,258,1030,0.225,72,26.09,12,4.35,0.264,0.364,0.628,0.13899999999999998,536,144,26.87,13.98,176,17.09,31.07,35.31,22.57
695734,274,250,1025,0.312,39,14.23,18,6.57,0.359,0.532,0.891,0.22000000000000003,528,85,16.1,8.29,127,12.39,20.68,25.5,13.73
649966,262,227,1020,0.242,38,14.5,25,9.54,0.327,0.366,0.6930000000000001,0.124,424,61,14.39,5.98,212,20.78,26.76,21.41,13.07
681460,264,241,1018,0.249,74,28.03,17,6.44,0.299,0.432,0.731,0.183,554,145,26.17,14.24,125,12.28,26.52,34.77,23.72
663624,267,248,1011,0.246,75,28.09,11,4.12,0.281,0.391,0.672,0.14500000000000002,577,183,31.72,18.1,124,12.27,30.37,38.97,23.15
691019,245,210,1008,0.29,57,23.27,30,12.24,0.388,0.448,0.8360000000000001,0.15800000000000003,458,126,27.51,12.5,159,15.77,28.27,23.78,18.27
663698,248,213,1006,0.23,67,27.02,26,10.48,0.333,0.296,0.629,0.06599999999999998,400,109,27.25,10.83,189,18.79,29.62,23.63,23.76
663968,292,276,1003,0.304,47,16.1,14,4.79,0.34,0.38,0.72,0.07600000000000001,645,127,19.69,12.66,93,9.27,21.93,45.95,14.37
672515,232,209,997,0.287,42,18.1,21,9.05,0.353,0.445,0.798,0.15800000000000003,435,78,17.93,7.82,193,19.36,27.18,24.89,13.33
676609,247,210,990,0.229,62,25.1,30,12.15,0.328,0.295,0.623,0.06599999999999998,464,120,25.86,12.12,173,17.47,29.6,30.98,18.96
669707,255,222,988,0.203,55,21.57,29,11.37,0.298,0.306,0.604,0.10299999999999998,460,118,25.65,11.94,164,16.6,28.54,23.23,17.68
677587,269,246,986,0.236,44,16.36,14,5.2,0.282,0.337,0.619,0.10100000000000003,503,104,20.68,10.55,158,16.02,26.57,30.77,15.58
669911,242,216,982,0.176,103,42.56,24,9.92,0.261,0.324,0.585,0.14800000000000002,474,192,40.51,19.55,148,15.07,34.62,32.28,33.66
656555,226,193,970,0.244,64,28.32,24,10.62,0.336,0.42,0.756,0.176,385,113,29.35,11.65,196,20.21,31.86,19.23,22.26
696285,262,235,964,0.234,46,17.56,16,6.11,0.287,0.294,0.581,0.05999999999999997,426,72,16.9,7.47,209,21.68,29.15,25.81,16.14
666023,240,220,962,0.268,43,17.92,13,5.42,0.315,0.364,0.679,0.09599999999999997,510,105,20.59,10.91,139,14.45,25.36,30.51,11.98
669394,276,265,960,0.226,75,27.17,6,2.17,0.254,0.389,0.643,0.163,537,161,29.98,16.77,146,15.21,31.98,42.63,24.33
664774,213,185,922,0.178,52,24.41,23,10.8,0.278,0.276,0.554,0.09800000000000003,374,88,23.53,9.54,194,21.04,30.59,17.5,18.44
643289,283,263,921,0.221,31,10.95,17,6.01,0.267,0.335,0.6020000000000001,0.11400000000000002,497,79,15.9,8.58,127,13.79,22.37,35.4,12.55
669242,249,224,914,0.232,38,15.26,15,6.02,0.286,0.357,0.643,0.12499999999999997,433,85,19.63,9.3,161,17.61,26.91,26.49,15.23
695336,227,209,914,0.254,63,27.75,15,6.61,0.305,0.34,0.645,0.08600000000000002,449,121,26.95,13.24,167,18.27,31.51,33.85,20.32
670764,217,188,899,0.202,48,22.12,22,10.14,0.28,0.319,0.599,0.11699999999999999,402,79,19.65,8.79,159,17.69,26.47,19.7,16.0
676059,244,227,890,0.264,58,23.77,12,4.92,0.316,0.467,0.783,0.203,440,123,27.95,13.82,149,16.74,30.56,25.24,22.31
609280,248,231,887,0.29,33,13.31,14,5.65,0.331,0.429,0.76,0.139,465,86,18.49,9.7,117,13.19,22.89,34.2,13.75
519317,203,184,881,0.272,72,35.47,16,7.88,0.332,0.609,0.9410000000000001,0.33699999999999997,368,140,38.04,15.89,174,19.75,35.64,25.57,28.46
686611,243,218,877,0.211,58,23.87,21,8.64,0.292,0.376,0.6679999999999999,0.165,421,138,32.78,15.74,133,15.17,30.9,31.04,24.47
682622,257,244,875,0.275,57,22.18,8,3.11,0.305,0.516,0.821,0.241,457,125,27.35,14.29,139,15.89,30.17,35.1,25.22
701350,205,167,861,0.299,46,22.44,32,15.61,0.424,0.479,0.903,0.18,326,89,27.3,10.34,167,19.4,29.73,17.82,19.41
621438,239,220,861,0.227,57,23.85,7,2.93,0.271,0.345,0.616,0.11799999999999997,414,99,23.91,11.5,174,20.21,31.71,29.97,24.36
669477,228,205,858,0.259,52,22.81,15,6.58,0.317,0.444,0.761,0.185,431,112,25.99,13.05,120,13.99,27.04,29.72,19.1
666181,232,213,852,0.235,62,26.72,13,5.6,0.276,0.432,0.708,0.197,456,157,34.43,18.43,87,10.21,28.64,27.51,28.84
682626,211,190,846,0.253,59,27.96,17,8.06,0.327,0.411,0.738,0.15799999999999997,396,143,36.11,16.9,132,15.6,32.51,29.41,21.61
686681,228,215,843,0.247,34,14.91,8,3.51,0.272,0.321,0.593,0.07400000000000001,453,81,17.88,9.61,131,15.54,25.15,37.62,13.88
641343,202,168,843,0.238,53,26.24,30,14.85,0.358,0.411,0.7689999999999999,0.173,358,89,24.86,10.56,138,16.37,26.93,19.52,20.46
669743,205,165,840,0.255,33,16.1,28,13.66,0.38,0.345,0.725,0.08999999999999997,314,60,19.11,7.14,191,22.74,29.88,16.23,13.15
543309,217,199,837,0.236,49,22.58,16,7.37,0.295,0.402,0.6970000000000001,0.16600000000000004,366,87,23.77,10.39,171,20.43,30.82,26.25,19.83
643376,219,192,831,0.224,48,21.92,21,9.59,0.313,0.396,0.7090000000000001,0.17200000000000001,357,71,19.89,8.54,142,17.09,25.63,18.8,20.6
669221,221,195,829,0.2,67,30.32,17,7.69,0.281,0.379,0.66,0.179,394,125,31.73,15.08,148,17.85,32.93,26.72,24.72
681393,236,224,827,0.277,63,26.69,5,2.12,0.301,0.429,0.73,0.15199999999999997,462,136,29.44,16.44,98,11.85,28.3,34.47,26.25
667472,217,202,822,0.208,56,25.81,12,5.53,0.255,0.277,0.532,0.06900000000000003,380,96,25.26,11.68,184,22.38,34.06,27.11,20.9
810938,201,192,816,0.25,45,22.39,8,3.98,0.28,0.307,0.587,0.056999999999999995,384,92,23.96,11.27,176,21.57,32.84,34.63,15.79
680779,221,195,815,0.174,61,27.6,13,5.88,0.241,0.272,0.513,0.09800000000000003,451,135,29.93,16.56,97,11.9,28.47,35.7,22.85
647351,207,188,806,0.234,32,15.46,11,5.31,0.286,0.378,0.6639999999999999,0.144,397,85,21.41,10.55,144,17.87,28.41,34.94,13.56
624431,223,208,800,0.255,32,14.35,11,4.93,0.288,0.365,0.653,0.10999999999999999,369,77,20.87,9.62,172,21.5,31.13,31.56,14.55
620443,209,191,796,0.22,39,18.66,16,7.66,0.284,0.34,0.624,0.12000000000000002,386,80,20.73,10.05,145,18.22,28.27,25.28,16.46
695657,201,178,795,0.242,66,32.84,20,9.95,0.32,0.567,0.887,0.32499999999999996,393,126,32.06,15.85,111,13.96,29.81,29.16,26.19
578428,206,186,795,0.226,29,14.08,10,4.85,0.284,0.263,0.5469999999999999,0.037000000000000005,347,57,16.43,7.17,205,25.79,32.96,34.83,13.24
641584,207,182,789,0.242,46,22.22,23,11.11,0.33,0.39,0.72,0.14800000000000002,375,92,24.53,11.66,107,13.56,25.22,27.41,21.2
662139,215,198,782,0.232,63,29.3,13,6.05,0.274,0.591,0.865,0.359,427,128,29.98,16.37,88,11.25,27.62,31.48,29.44
669261,172,143,781,0.154,55,31.98,24,13.95,0.292,0.266,0.558,0.11200000000000002,309,99,32.04,12.68,140,17.93,30.6,16.58,22.59
669289,204,184,774,0.228,27,13.24,12,5.88,0.276,0.245,0.521,0.016999999999999987,363,56,15.43,7.24,140,18.09,25.32,26.6,10.89
686527,201,186,772,0.306,44,21.89,12,5.97,0.353,0.522,0.875,0.21600000000000003,413,106,25.67,13.73,106,13.73,27.46,38.9,17.05
656180,191,176,770,0.199,71,37.17,12,6.28,0.254,0.318,0.5720000000000001,0.119,381,131,34.38,17.01,124,16.1,33.12,32.1,28.29
691723,197,176,765,0.199,59,29.95,18,9.14,0.284,0.364,0.6479999999999999,0.16499999999999998,343,108,31.49,14.12,153,20.0,34.12,28.26,24.79
692225,189,171,764,0.228,57,30.16,17,8.99,0.302,0.357,0.659,0.12899999999999998,312,95,30.45,12.43,168,21.99,34.42,25.0,25.33
642086,198,179,761,0.296,38,19.19,14,7.07,0.343,0.436,0.779,0.14,380,87,22.89,11.43,127,16.69,28.12,33.76,15.42
702284,190,164,758,0.207,33,17.37,21,11.05,0.298,0.299,0.597,0.092,347,83,23.92,10.95,129,17.02,27.97,24.25,15.28
670224,175,158,752,0.228,53,30.29,14,8.0,0.287,0.367,0.6539999999999999,0.13899999999999998,356,115,32.3,15.29,120,15.96,31.25,28.73,20.95
666185,169,149,741,0.201,35,20.71,17,10.06,0.29,0.362,0.6519999999999999,0.16099999999999998,324,69,21.3,9.31,126,17.0,26.32,19.51,14.0
553869,196,175,731,0.206,55,28.06,16,8.16,0.28,0.349,0.629,0.143,363,132,36.36,18.06,109,14.91,32.97,28.06,25.23
657077,182,169,730,0.254,25,13.74,12,6.59,0.308,0.314,0.622,0.06,290,41,14.14,5.62,178,24.38,30.0,21.95,13.16
572191,186,164,729,0.183,59,31.72,19,10.22,0.272,0.299,0.571,0.11599999999999999,352,129,36.65,17.7,122,16.74,34.43,29.53,24.38
691594,209,193,727,0.249,22,10.53,12,5.74,0.288,0.399,0.687,0.15000000000000002,326,32,9.82,4.4,164,22.56,26.96,27.71,11.46
694497,192,171,723,0.269,36,18.75,15,7.81,0.349,0.433,0.782,0.16399999999999998,329,85,25.84,11.76,122,16.87,28.63,20.76,18.75
623993,166,146,718,0.185,41,24.7,18,10.84,0.277,0.329,0.6060000000000001,0.14400000000000002,363,81,22.31,11.28,98,13.65,24.93,33.42,17.3
664983,181,164,717,0.201,34,18.78,10,5.52,0.254,0.36,0.614,0.15899999999999997,347,71,20.46,9.9,119,16.6,26.5,32.97,15.04
677942,181,159,717,0.226,62,34.25,11,6.08,0.307,0.365,0.6719999999999999,0.13899999999999998,341,113,33.14,15.76,128,17.85,33.61,26.33,25.51
663853,198,185,717,0.286,49,24.75,7,3.54,0.318,0.4,0.718,0.11400000000000005,394,117,29.7,16.32,98,13.67,29.99,36.8,23.67
660688,213,204,717,0.235,22,10.33,6,2.82,0.263,0.299,0.562,0.064,381,49,12.86,6.83,101,14.09,20.92,34.88,13.17
518595,183,168,706,0.202,58,31.69,11,6.01,0.262,0.339,0.601,0.137,378,112,29.63,15.86,98,13.88,29.75,30.91,24.17
670042,183,151,700,0.225,54,29.51,16,8.74,0.344,0.351,0.695,0.12599999999999997,372,152,40.86,21.71,63,9.0,30.71,27.22,24.43
696030,164,140,695,0.221,31,18.9,20,12.2,0.319,0.286,0.605,0.06499999999999997,303,59,19.47,8.49,132,18.99,27.48,24.47,14.22
668942,181,160,694,0.181,40,22.1,19,10.5,0.265,0.262,0.527,0.08100000000000002,315,73,23.17,10.52,101,14.55,25.07,18.93,20.73
666397,163,142,683,0.211,47,28.83,19,11.66,0.302,0.296,0.598,0.08499999999999999,282,74,26.24,10.83,128,18.74,29.58,19.71,21.56
691781,192,182,681,0.242,52,27.08,6,3.12,0.262,0.346,0.608,0.10399999999999998,392,114,29.08,16.74,78,11.45,28.19,37.91,25.0
678009,167,150,681,0.22,45,26.95,16,9.58,0.293,0.36,0.653,0.13999999999999999,303,87,28.71,12.78,119,17.47,30.25,25.07,19.74
516782,182,160,673,0.275,38,20.88,11,6.04,0.343,0.412,0.755,0.13699999999999996,335,90,26.87,13.37,116,17.24,30.61,30.84,17.76
672724,183,168,673,0.19,51,27.87,11,6.01,0.247,0.298,0.5449999999999999,0.10799999999999998,362,118,32.6,17.53,97,14.41,31.95,29.94,21.43
666152,176,158,668,0.203,41,23.3,13,7.39,0.263,0.354,0.617,0.15099999999999997,294,66,22.45,9.88,133,19.91,29.79,25.55,23.03
670541,161,133,667,0.256,29,18.01,22,13.66,0.348,0.376,0.724,0.12,282,62,21.99,9.3,114,17.09,26.39,27.11,16.48
670231,152,135,663,0.185,41,26.97,15,9.87,0.265,0.311,0.5760000000000001,0.126,284,70,24.65,10.56,128,19.31,29.86,22.19,20.81
571657,177,166,656,0.211,41,23.16,6,3.39,0.249,0.313,0.562,0.10200000000000001,324,67,20.68,10.21,130,19.82,30.03,31.21,22.28
642201,176,166,654,0.229,46,26.14,5,2.84,0.259,0.386,0.645,0.157,337,83,24.63,12.69,112,17.13,29.82,30.0,23.35
642136,163,132,651,0.22,40,24.54,27,16.56,0.358,0.288,0.6459999999999999,0.06799999999999998,312,92,29.49,14.13,78,11.98,26.11,20.43,19.61
691777,176,166,644,0.217,54,30.68,6,3.41,0.256,0.404,0.66,0.18700000000000003,325,105,32.31,16.3,107,16.61,32.92,32.27,27.04
681715,171,148,639,0.27,41,23.98,16,9.36,0.347,0.439,0.786,0.16899999999999998,294,100,34.01,15.65,95,14.87,30.52,21.2,23.16
695506,165,149,630,0.148,37,22.42,14,8.48,0.23,0.262,0.492,0.11400000000000002,330,83,25.15,13.17,77,12.22,25.4,38.38,20.22
671221,175,166,628,0.265,47,26.86,8,4.57,0.303,0.355,0.6579999999999999,0.08999999999999997,361,104,28.81,16.56,67,10.67,27.23,35.08,23.98
690987,168,162,627,0.222,49,29.17,6,3.57,0.25,0.327,0.577,0.10500000000000001,336,95,28.27,15.15,82,13.08,28.23,27.15,25.52
677588,153,138,625,0.232,35,22.88,13,8.5,0.301,0.333,0.634,0.101,283,63,22.26,10.08,109,17.44,27.52,28.53,17.5
695681,142,122,615,0.18,48,33.8,17,11.97,0.284,0.311,0.595,0.131,280,103,36.79,16.75,99,16.1,32.85,21.81,25.4
500743,177,164,615,0.238,28,15.82,10,5.65,0.282,0.311,0.593,0.07300000000000001,288,56,19.44,9.11,126,20.49,29.59,33.11,16.18
690022,163,147,614,0.224,52,31.9,9,5.52,0.288,0.327,0.615,0.10300000000000001,319,117,36.68,19.06,94,15.31,34.36,31.85,24.41
807799,173,157,614,0.274,20,11.56,9,5.2,0.318,0.414,0.732,0.13999999999999996,272,42,15.44,6.84,126,20.52,27.36,27.43,14.6
666149,168,154,614,0.214,46,27.38,7,4.17,0.252,0.331,0.583,0.11700000000000002,328,96,29.27,15.64,103,16.78,32.41,33.21,20.72
645444,145,116,608,0.155,29,20.0,17,11.72,0.265,0.233,0.498,0.07800000000000001,236,44,18.64,7.24,126,20.72,27.96,15.52,16.02
805300,153,135,603,0.274,30,19.61,16,10.46,0.359,0.437,0.796,0.16299999999999998,256,47,18.36,7.79,103,17.08,24.88,18.84,18.18
571771,144,134,598,0.209,42,29.17,8,5.56,0.252,0.343,0.595,0.13400000000000004,304,91,29.93,15.22,90,15.05,30.27,33.44,21.76
670156,156,135,597,0.244,25,16.03,16,10.26,0.322,0.274,0.5960000000000001,0.030000000000000027,237,37,15.61,6.2,127,21.27,27.47,18.35,17.99
606115,158,149,592,0.195,36,22.78,8,5.06,0.234,0.282,0.516,0.08699999999999997,316,76,24.05,12.84,90,15.2,28.04,32.74,19.67
680474,148,127,590,0.213,28,18.92,15,10.14,0.308,0.307,0.615,0.094,257,65,25.29,11.02,102,17.29,28.31,19.42,15.52
805373,154,141,586,0.262,35,22.73,7,4.55,0.316,0.376,0.692,0.11399999999999999,257,62,24.12,10.58,134,22.87,33.45,25.0,19.66
543877,154,139,583,0.216,23,14.94,10,6.49,0.279,0.324,0.603,0.10800000000000001,255,41,16.08,7.03,113,19.38,26.42,26.67,14.11
641933,150,130,582,0.215,33,22.0,16,10.67,0.307,0.392,0.6990000000000001,0.17700000000000002,275,81,29.45,13.92,88,15.12,29.04,26.94,18.64
688363,161,143,575,0.224,34,21.12,16,9.94,0.3,0.371,0.671,0.147,278,77,27.7,13.39,84,14.61,28.0,28.52,26.98
808975,149,140,574,0.264,44,29.53,7,4.7,0.304,0.357,0.661,0.09299999999999997,285,88,30.88,15.33,118,20.56,35.89,33.45,24.72
695238,129,111,568,0.234,24,18.6,16,12.4,0.341,0.288,0.629,0.053999999999999965,279,61,21.86,10.74,83,14.61,25.35,25.61,11.33
665750,149,142,568,0.19,41,27.52,3,2.01,0.205,0.303,0.508,0.11299999999999999,301,72,23.92,12.68,92,16.2,28.87,35.88,23.56
692585,138,129,567,0.217,42,30.43,8,5.8,0.261,0.341,0.6020000000000001,0.12400000000000003,296,91,30.74,16.05,80,14.11,30.16,36.12,21.03
664702,153,134,548,0.254,22,14.38,9,5.88,0.303,0.373,0.6759999999999999,0.119,245,40,16.33,7.3,122,22.26,29.56,20.09,13.33
694374,143,124,547,0.169,40,27.97,15,10.49,0.262,0.355,0.617,0.18599999999999997,264,84,31.82,15.36,80,14.63,29.98,28.67,24.24
677595,146,132,546,0.265,40,27.4,13,8.9,0.336,0.447,0.783,0.182,285,96,33.68,17.58,72,13.19,30.77,37.54,28.78
570482,150,140,545,0.243,28,18.67,8,5.33,0.284,0.329,0.613,0.08600000000000002,305,81,26.56,14.86,68,12.48,27.34,37.64,16.87
673490,131,115,542,0.209,30,22.9,12,9.16,0.29,0.33,0.62,0.12100000000000002,207,36,17.39,6.64,136,25.09,31.73,19.23,18.29
657557,140,128,541,0.25,42,30.0,8,5.71,0.295,0.336,0.631,0.08600000000000002,314,94,29.94,17.38,53,9.8,27.17,33.99,21.99
678554,140,128,539,0.258,40,28.57,6,4.29,0.312,0.367,0.679,0.10899999999999999,265,63,23.77,11.69,99,18.37,30.06,30.65,23.26
666624,146,133,538,0.218,53,36.3,11,7.53,0.288,0.391,0.679,0.17300000000000001,295,122,41.36,22.68,61,11.34,34.01,32.73,32.32
657136,142,129,535,0.194,30,21.13,10,7.04,0.255,0.248,0.503,0.05399999999999999,269,69,25.65,12.9,83,15.51,28.41,35.98,17.96
805249,144,132,531,0.235,41,28.47,5,3.47,0.285,0.386,0.671,0.15100000000000002,278,87,31.29,16.38,74,13.94,30.32,30.47,25.15
624641,145,136,525,0.243,28,19.31,4,2.76,0.262,0.419,0.681,0.176,295,75,25.42,14.29,76,14.48,28.76,43.18,17.72
677008,144,135,525,0.207,36,25.0,5,3.47,0.25,0.363,0.613,0.156,300,80,26.67,15.24,58,11.05,26.29,38.97,21.3
641598,134,121,524,0.182,43,32.09,12,8.96,0.261,0.289,0.55,0.10699999999999998,218,80,36.7,15.27,111,21.18,36.45,22.71,26.88
668885,124,104,523,0.25,21,16.94,17,13.71,0.361,0.308,0.669,0.057999999999999996,203,32,15.76,6.12,93,17.78,23.9,19.2,14.09
807712,141,123,515,0.366,14,9.93,16,11.35,0.447,0.528,0.9750000000000001,0.16200000000000003,210,34,16.19,6.6,103,20.0,26.6,16.06,10.22
670223,124,111,505,0.171,46,37.1,10,8.06,0.25,0.36,0.61,0.18899999999999997,275,110,40.0,21.78,58,11.49,33.27,35.8,26.9
687637,113,90,500,0.244,32,28.32,21,18.58,0.387,0.411,0.798,0.16699999999999998,186,44,23.66,8.8,104,20.8,29.6,19.23,19.05
680728,123,113,496,0.257,43,34.96,7,5.69,0.303,0.416,0.719,0.15899999999999997,232,78,33.62,15.73,88,17.74,33.47,29.67,27.39
641943,127,110,495,0.218,28,22.05,12,9.45,0.317,0.327,0.644,0.10900000000000001,247,66,26.72,13.33,67,13.54,26.87,26.36,18.06
687231,140,125,493,0.224,18,12.86,9,6.43,0.266,0.28,0.546,0.05600000000000002,256,48,18.75,9.74,70,14.2,23.94,30.74,13.53
669236,131,120,491,0.283,32,24.43,7,5.34,0.333,0.458,0.791,0.17500000000000004,266,87,32.71,17.72,70,14.26,31.98,35.39,20.38
672016,128,120,491,0.242,49,38.28,4,3.12,0.283,0.358,0.641,0.11599999999999999,232,73,31.47,14.87,93,18.94,33.81,31.87,29.17
666211,119,104,489,0.183,36,30.25,14,11.76,0.277,0.327,0.6040000000000001,0.14400000000000002,225,84,37.33,17.18,76,15.54,32.72,22.27,24.83
672744,126,117,488,0.239,43,34.13,9,7.14,0.294,0.333,0.627,0.09400000000000003,264,93,35.23,19.06,58,11.89,30.94,33.2,30.71
691720,122,106,487,0.255,33,27.05,12,9.84,0.336,0.302,0.638,0.046999999999999986,214,54,25.23,11.09,81,16.63,27.72,22.63,23.4
683766,144,131,484,0.26,28,19.44,7,4.86,0.298,0.389,0.687,0.129,270,77,28.52,15.91,67,13.84,29.75,34.12,18.54
663368,117,107,479,0.206,34,29.06,9,7.69,0.274,0.308,0.5820000000000001,0.10200000000000001,184,55,29.89,11.48,107,22.34,33.82,15.79,25.95
677347,118,107,471,0.178,51,43.22,9,7.63,0.248,0.336,0.5840000000000001,0.15800000000000003,233,109,46.78,23.14,73,15.5,38.64,31.8,34.0
677649,125,114,471,0.219,26,20.8,6,4.8,0.274,0.298,0.5720000000000001,0.07899999999999999,260,59,22.69,12.53,59,12.53,25.05,35.29,15.85
702176,127,115,469,0.2,34,26.77,5,3.94,0.252,0.296,0.548,0.09599999999999997,218,52,23.85,11.09,84,17.91,29.0,32.62,25.56
623168,124,106,464,0.245,25,20.16,9,7.26,0.325,0.358,0.683,0.11299999999999999,247,50,20.24,10.78,64,13.79,24.57,34.48,17.65
663743,129,113,456,0.239,26,20.16,7,5.43,0.312,0.389,0.7010000000000001,0.15000000000000002,216,47,21.76,10.31,89,19.52,29.82,30.84,19.7
687221,114,107,454,0.215,43,37.72,7,6.14,0.263,0.374,0.637,0.159,201,74,36.82,16.3,83,18.28,34.58,20.39,31.85
624512,123,117,446,0.231,21,17.07,4,3.25,0.252,0.427,0.679,0.19599999999999998,249,57,22.89,12.78,56,12.56,25.34,38.18,18.58
676914,99,81,442,0.259,23,23.23,17,17.17,0.384,0.531,0.915,0.272,178,48,26.97,10.86,79,17.87,28.73,20.25,16.43
701305,98,89,434,0.247,34,34.69,9,9.18,0.316,0.36,0.6759999999999999,0.11299999999999999,191,62,32.46,14.29,81,18.66,32.95,20.19,22.37
681546,107,95,434,0.147,45,42.06,9,8.41,0.236,0.368,0.604,0.221,203,80,39.41,18.43,66,15.21,33.64,26.05,32.37
666163,105,92,433,0.13,19,18.1,9,8.57,0.223,0.196,0.41900000000000004,0.066,203,49,24.14,11.32,74,17.09,28.41,28.31,13.57
692216,116,102,433,0.225,31,26.72,11,9.48,0.304,0.422,0.726,0.19699999999999998,227,77,33.92,17.78,51,11.78,29.56,27.01,23.66
682668,126,117,432,0.239,21,16.67,7,5.56,0.286,0.274,0.56,0.03500000000000003,217,49,22.58,11.34,58,13.43,24.77,31.88,20.19
650968,126,120,430,0.217,16,12.7,6,4.76,0.254,0.358,0.612,0.141,264,53,20.08,12.33,43,10.0,22.33,49.59,11.94
669326,122,114,429,0.193,38,31.15,4,3.28,0.238,0.272,0.51,0.07900000000000001,261,97,37.16,22.61,39,9.09,31.7,36.32,27.94
642731,128,123,429,0.268,21,16.41,3,2.34,0.289,0.382,0.671,0.11399999999999999,234,56,23.93,13.05,66,15.38,28.44,37.02,17.65
664238,111,105,426,0.238,32,28.83,5,4.5,0.27,0.429,0.6990000000000001,0.191,219,63,28.77,14.79,68,15.96,30.75,26.42,23.36
682653,117,110,425,0.245,23,19.66,7,5.98,0.291,0.418,0.709,0.173,234,57,24.36,13.41,56,13.18,26.59,40.71,17.97
545341,110,100,419,0.23,17,15.45,6,5.45,0.273,0.35,0.623,0.11999999999999997,193,31,16.06,7.4,74,17.66,25.06,29.13,14.17
687859,113,104,417,0.288,23,20.35,8,7.08,0.345,0.442,0.7869999999999999,0.15400000000000003,211,67,31.75,16.07,62,14.87,30.94,35.51,21.7
668670,107,96,413,0.198,29,27.1,9,8.41,0.267,0.333,0.6000000000000001,0.135,180,49,27.22,11.86,85,20.58,32.45,23.56,22.48
605361,106,98,413,0.235,18,16.98,8,7.55,0.292,0.306,0.598,0.07100000000000001,181,35,19.34,8.47,77,18.64,27.12,26.57,14.63
691785,110,101,410,0.248,31,28.18,7,6.36,0.294,0.446,0.74,0.198,206,56,27.18,13.66,58,14.15,27.8,28.12,25.62
671213,100,88,404,0.148,25,25.0,10,10.0,0.25,0.227,0.477,0.07900000000000001,189,61,32.28,15.1,52,12.87,27.97,22.84,21.93
679845,120,107,400,0.215,16,13.33,9,7.5,0.277,0.374,0.651,0.159,187,31,16.58,7.75,67,16.75,24.5,23.91,18.18
663898,102,91,388,0.176,36,35.29,9,8.82,0.255,0.242,0.497,0.066,179,69,38.55,17.78,73,18.81,36.6,27.07,28.8
642180,102,86,382,0.198,20,19.61,11,10.78,0.296,0.256,0.552,0.057999999999999996,164,36,21.95,9.42,76,19.9,29.32,25.53,19.59
676439,85,67,381,0.179,18,21.18,15,17.65,0.321,0.239,0.56,0.06,167,43,25.75,11.29,58,15.22,26.51,21.35,13.14
682641,98,90,378,0.256,14,14.29,7,7.14,0.306,0.433,0.739,0.177,195,35,17.95,9.26,65,17.2,26.46,36.22,11.76
691182,103,90,374,0.211,21,20.39,9,8.74,0.29,0.322,0.612,0.11100000000000002,171,36,21.05,9.63,64,17.11,26.74,24.44,20.0
455117,110,101,373,0.168,42,38.18,3,2.73,0.192,0.287,0.479,0.11899999999999997,173,66,38.15,17.69,87,23.32,41.02,33.33,37.5
665828,101,88,364,0.227,21,20.79,10,9.9,0.31,0.307,0.617,0.07999999999999999,171,39,22.81,10.71,56,15.38,26.1,28.49,25.3
657041,95,85,364,0.165,32,33.68,8,8.42,0.242,0.259,0.501,0.094,154,51,33.12,14.01,75,20.6,34.62,20.23,31.37
690976,81,70,361,0.2,27,33.33,9,11.11,0.3,0.343,0.643,0.14300000000000002,139,39,28.06,10.8,76,21.05,31.86,20.59,25.47
621035,89,79,361,0.215,30,33.71,3,3.37,0.292,0.367,0.659,0.152,181,68,37.57,18.84,47,13.02,31.86,21.15,25.42
665839,91,81,357,0.222,14,15.38,10,10.99,0.308,0.395,0.7030000000000001,0.17300000000000001,154,31,20.13,8.68,83,23.25,31.93,26.54,13.33
687952,104,97,356,0.258,21,20.19,3,2.88,0.288,0.485,0.7729999999999999,0.22699999999999998,193,48,24.87,13.48,59,16.57,30.06,43.89,20.59
666126,94,89,356,0.303,20,21.28,3,3.19,0.319,0.551,0.8700000000000001,0.24800000000000005,182,41,22.53,11.52,56,15.73,27.25,29.56,19.23
679032,97,85,348,0.224,25,25.77,7,7.22,0.274,0.271,0.545,0.047000000000000014,187,54,28.88,15.52,56,16.09,31.61,40.0,24.27
595978,91,78,346,0.154,19,20.88,8,8.79,0.239,0.282,0.5209999999999999,0.12799999999999997,178,52,29.21,15.03,40,11.56,26.59,29.51,18.1
655316,85,82,340,0.268,22,25.88,2,2.35,0.294,0.415,0.709,0.14699999999999996,164,44,26.83,12.94,59,17.35,30.29,28.3,20.37
641555,83,70,340,0.186,10,12.05,10,12.05,0.289,0.329,0.618,0.14300000000000002,141,26,18.44,7.65,58,17.06,24.71,19.88,9.9
660844,70,54,337,0.204,17,24.29,15,21.43,0.386,0.315,0.7010000000000001,0.11100000000000002,119,29,24.37,8.61,71,21.07,29.67,9.74,14.53
687551,91,82,337,0.207,15,16.48,6,6.59,0.267,0.39,0.657,0.18300000000000002,156,40,25.64,11.87,60,17.8,29.67,21.33,17.24
457759,82,71,335,0.141,17,20.73,8,9.76,0.232,0.155,0.387,0.014000000000000012,161,29,18.01,8.66,46,13.73,22.39,26.11,15.04
518934,91,84,334,0.286,21,23.08,7,7.69,0.341,0.393,0.734,0.10700000000000004,153,36,23.53,10.78,64,19.16,29.94,27.5,21.21
694212,93,88,333,0.17,25,26.88,3,3.23,0.215,0.341,0.556,0.171,193,58,30.05,17.42,42,12.61,30.03,39.76,22.52
656896,92,87,330,0.23,17,18.48,4,4.35,0.272,0.264,0.536,0.034,176,52,29.55,15.76,46,13.94,29.7,36.78,17.89
665561,84,75,323,0.187,13,15.48,6,7.14,0.253,0.307,0.56,0.12,153,35,22.88,10.84,52,16.1,26.93,29.45,12.5
543510,87,80,319,0.25,23,26.44,4,4.6,0.299,0.438,0.737,0.188,164,54,32.93,16.93,51,15.99,32.92,34.18,25.27
682988,79,69,319,0.188,27,34.18,8,10.13,0.291,0.232,0.523,0.04400000000000001,159,54,33.96,16.93,44,13.79,30.72,36.52,24.55
683227,73,68,318,0.25,11,15.07,4,5.48,0.292,0.324,0.616,0.07400000000000001,138,17,12.32,5.35,68,21.38,26.73,31.68,11.7
607732,90,81,316,0.173,22,24.44,4,4.44,0.239,0.222,0.46099999999999997,0.049000000000000016,177,59,33.33,18.67,35,11.08,29.75,38.31,22.0
656537,86,80,312,0.238,27,31.4,4,4.65,0.282,0.35,0.6319999999999999,0.11199999999999999,170,61,35.88,19.55,50,16.03,35.58,46.47,29.03
682729,82,73,312,0.219,23,28.05,6,7.32,0.288,0.342,0.63,0.12300000000000003,149,41,27.52,13.14,50,16.03,29.17,31.45,24.47
664059,89,77,310,0.182,19,21.35,9,10.11,0.276,0.299,0.575,0.11699999999999999,148,43,29.05,13.87,45,14.52,28.39,27.45,22.35
694388,81,76,309,0.329,23,28.4,3,3.7,0.37,0.539,0.909,0.21000000000000002,161,50,31.06,16.18,39,12.62,28.8,31.87,24.72
624415,74,63,307,0.175,19,25.68,10,13.51,0.297,0.254,0.5509999999999999,0.07900000000000001,118,29,24.58,9.45,65,21.17,30.62,18.06,19.57
518792,84,74,303,0.149,18,21.43,5,5.95,0.195,0.257,0.452,0.10800000000000001,142,41,28.87,13.53,58,19.14,32.67,32.21,24.66
608701,72,66,301,0.212,22,30.56,5,6.94,0.268,0.348,0.616,0.13599999999999998,136,40,29.41,13.29,49,16.28,29.57,25.33,21.57
680869,75,67,299,0.194,30,40.0,6,8.0,0.257,0.313,0.5700000000000001,0.119,148,56,37.84,18.73,39,13.04,31.77,25.5,34.48
681508,73,63,297,0.143,11,15.07,6,8.22,0.25,0.254,0.504,0.11100000000000002,123,20,16.26,6.73,56,18.86,25.59,20.83,13.41
608385,76,65,297,0.231,19,25.0,9,11.84,0.316,0.385,0.7010000000000001,0.154,130,29,22.31,9.76,49,16.5,26.26,17.61,20.65
456781,79,70,295,0.343,15,18.99,5,6.33,0.397,0.471,0.868,0.12799999999999995,152,41,26.97,13.9,48,16.27,30.17,35.66,18.52
682927,75,65,294,0.246,13,17.33,7,9.33,0.311,0.292,0.603,0.045999999999999985,131,20,15.27,6.8,57,19.39,26.19,27.01,16.88
663604,75,67,291,0.254,18,24.0,4,5.33,0.297,0.284,0.581,0.02999999999999997,155,37,23.87,12.71,47,16.15,28.87,33.59,17.48
665804,79,74,291,0.311,13,16.46,3,3.8,0.342,0.541,0.883,0.23000000000000004,154,34,22.08,11.68,41,14.09,25.77,30.99,15.66
656577,68,63,285,0.206,27,39.71,3,4.41,0.265,0.381,0.646,0.17500000000000002,140,58,41.43,20.35,39,13.68,34.04,27.08,29.35
642851,72,67,282,0.313,18,25.0,4,5.56,0.352,0.612,0.964,0.299,141,41,29.08,14.54,48,17.02,31.56,25.22,19.15
686765,69,61,281,0.197,15,21.74,5,7.25,0.29,0.262,0.552,0.065,117,21,17.95,7.47,55,19.57,27.05,23.94,18.99
600869,68,60,280,0.1,27,39.71,7,10.29,0.194,0.117,0.311,0.017,140,56,40.0,20.0,39,13.93,33.93,31.03,29.03
660644,78,72,279,0.25,14,17.95,5,6.41,0.295,0.306,0.601,0.055999999999999994,147,32,21.77,11.47,32,11.47,22.94,26.19,17.72
690924,77,69,276,0.174,26,33.77,4,5.19,0.234,0.246,0.48,0.07200000000000001,139,46,33.09,16.67,48,17.39,34.06,33.33,28.09
621028,78,78,268,0.205,14,17.95,0,0.0,0.205,0.295,0.5,0.09,148,26,17.57,9.7,37,13.81,23.51,32.8,16.67
700246,69,66,268,0.167,29,42.03,2,2.9,0.191,0.303,0.494,0.13599999999999998,127,46,36.22,17.16,51,19.03,36.19,28.46,32.22
664913,70,59,266,0.203,19,27.14,9,12.86,0.329,0.288,0.617,0.08499999999999996,128,37,28.91,13.91,38,14.29,28.2,27.01,22.62
689200,64,56,266,0.161,24,37.5,5,7.81,0.242,0.196,0.438,0.035,119,43,36.13,16.17,49,18.42,34.59,25.78,26.97
596103,67,63,265,0.206,23,34.33,3,4.48,0.242,0.286,0.528,0.07999999999999999,124,37,29.84,13.96,53,20.0,33.96,27.27,24.21
641313,72,66,264,0.197,23,31.94,3,4.17,0.264,0.227,0.491,0.03,146,47,32.19,17.8,34,12.88,30.68,33.91,27.06
678011,69,58,261,0.172,15,21.74,8,11.59,0.279,0.19,0.46900000000000003,0.018000000000000016,110,30,27.27,11.49,46,17.62,29.12,18.38,22.06
656541,57,48,260,0.208,21,36.84,9,15.79,0.333,0.438,0.771,0.23,114,44,38.6,16.92,40,15.38,32.31,23.74,24.14
680577,69,67,257,0.119,21,30.43,1,1.45,0.145,0.209,0.354,0.09,136,29,21.32,11.28,39,15.18,26.46,25.66,24.71
542932,70,65,255,0.185,18,25.71,4,5.71,0.243,0.215,0.45799999999999996,0.03,122,36,29.51,14.12,42,16.47,30.59,24.79,24.32
681146,59,54,255,0.148,20,33.9,3,5.08,0.207,0.167,0.374,0.019000000000000017,83,24,28.92,9.41,77,30.2,39.61,21.67,25.64
683083,60,52,254,0.212,17,28.33,3,5.0,0.25,0.346,0.596,0.13399999999999998,111,33,29.73,12.99,48,18.9,31.89,26.83,20.48
680862,71,66,254,0.182,19,26.76,4,5.63,0.239,0.258,0.497,0.07600000000000001,137,38,27.74,14.96,40,15.75,30.71,30.09,22.89
678877,67,65,254,0.138,20,29.85,2,2.99,0.164,0.246,0.41000000000000003,0.10799999999999998,148,48,32.43,18.9,26,10.24,29.13,47.18,26.32
669450,60,49,249,0.143,19,31.67,9,15.0,0.288,0.143,0.43099999999999994,0.0,105,38,36.19,15.26,42,16.87,32.13,22.56,27.94
545121,69,65,247,0.277,9,13.04,1,1.45,0.294,0.385,0.679,0.10799999999999998,123,24,19.51,9.72,52,21.05,30.77,39.5,13.43
665155,62,54,245,0.167,19,30.65,8,12.9,0.274,0.315,0.589,0.148,116,47,40.52,19.18,30,12.24,31.43,27.78,27.69
592669,66,62,245,0.145,15,22.73,4,6.06,0.197,0.194,0.391,0.049000000000000016,108,30,27.78,12.24,43,17.55,29.8,28.68,22.73
665052,63,58,244,0.224,19,30.16,5,7.94,0.286,0.379,0.665,0.155,111,45,40.54,18.44,47,19.26,37.7,23.89,27.14
596142,59,53,242,0.245,16,27.12,2,3.39,0.322,0.491,0.813,0.246,96,22,22.92,9.09,56,23.14,32.23,17.54,24.24
676801,67,58,241,0.207,20,29.85,5,7.46,0.266,0.224,0.49,0.017000000000000015,130,45,34.62,18.67,30,12.45,31.12,41.91,32.26
688760,59,53,240,0.189,25,42.37,5,8.47,0.271,0.453,0.724,0.264,106,40,37.74,16.67,48,20.0,36.67,26.5,33.78
592192,57,50,239,0.18,12,21.05,4,7.02,0.25,0.2,0.45,0.020000000000000018,105,32,30.48,13.39,44,18.41,31.8,24.79,16.9
669234,57,48,239,0.188,17,29.82,7,12.28,0.281,0.25,0.531,0.062,103,32,31.07,13.39,43,17.99,31.38,24.37,20.99
663837,58,50,237,0.2,13,22.41,4,6.9,0.281,0.24,0.521,0.03999999999999998,109,22,20.18,9.28,41,17.3,26.58,24.76,18.57
676116,56,44,237,0.114,22,39.29,10,17.86,0.278,0.182,0.46,0.06799999999999999,95,40,42.11,16.88,40,16.88,33.76,17.76,29.73
695600,55,48,234,0.333,12,21.82,7,12.73,0.418,0.646,1.064,0.313,113,31,27.43,13.25,32,13.68,26.92,26.19,15.19
656484,63,56,232,0.179,16,25.4,5,7.94,0.242,0.286,0.528,0.10699999999999998,124,45,36.29,19.4,32,13.79,33.19,29.09,22.22
683770,65,61,232,0.115,24,36.92,2,3.08,0.169,0.131,0.30000000000000004,0.016,128,48,37.5,20.69,33,14.22,34.91,40.0,36.36
672284,59,54,231,0.185,19,32.2,5,8.47,0.254,0.333,0.587,0.14800000000000002,119,48,40.34,20.78,32,13.85,34.63,27.93,23.17
668800,63,52,231,0.192,7,11.11,7,11.11,0.306,0.25,0.556,0.057999999999999996,108,21,19.44,9.09,46,19.91,29.0,35.78,11.67
694208,62,55,231,0.309,10,16.13,7,11.29,0.387,0.491,0.878,0.182,110,26,23.64,11.26,30,12.99,24.24,27.05,17.54
642708,69,65,229,0.231,16,23.19,2,2.9,0.275,0.338,0.613,0.10700000000000001,122,36,29.51,15.72,41,17.9,33.62,37.38,21.62
665877,59,50,229,0.28,8,13.56,7,11.86,0.379,0.42,0.7989999999999999,0.13999999999999996,90,15,16.67,6.55,49,21.4,27.95,20.51,12.31
640902,55,48,228,0.25,13,23.64,6,10.91,0.333,0.354,0.687,0.10399999999999998,90,26,28.89,11.4,44,19.3,30.7,18.97,22.81
641658,51,44,226,0.159,18,35.29,6,11.76,0.26,0.182,0.442,0.022999999999999993,86,23,26.74,10.18,53,23.45,33.63,22.33,23.08
689172,54,46,224,0.174,12,22.22,6,11.11,0.269,0.304,0.573,0.13,111,20,18.02,8.93,38,16.96,25.89,32.14,14.46
678391,60,51,223,0.157,13,21.67,4,6.67,0.259,0.235,0.494,0.07799999999999999,113,29,25.66,13.0,24,10.76,23.77,17.35,17.33
606992,51,45,223,0.267,21,41.18,3,5.88,0.34,0.4,0.74,0.133,107,39,36.45,17.49,44,19.73,37.22,32.71,25.0
676044,66,60,222,0.2,21,31.82,4,6.06,0.262,0.3,0.562,0.09999999999999998,122,44,36.07,19.82,29,13.06,32.88,36.59,43.75
687515,63,59,222,0.203,24,38.1,1,1.59,0.226,0.237,0.46299999999999997,0.033999999999999975,137,52,37.96,23.42,25,11.26,34.68,44.64,32.0
680737,60,53,220,0.283,10,16.67,5,8.33,0.345,0.491,0.836,0.20800000000000002,113,18,15.93,8.18,34,15.45,23.64,27.55,16.67
645302,66,61,217,0.213,18,27.27,1,1.52,0.258,0.344,0.602,0.13099999999999998,129,36,27.91,16.59,30,13.82,30.41,41.12,25.35
690291,53,45,215,0.111,16,30.19,7,13.21,0.245,0.111,0.356,0.0,103,25,24.27,11.63,35,16.28,27.91,27.45,26.23
678894,55,52,214,0.192,14,25.45,2,3.64,0.236,0.327,0.563,0.135,90,27,30.0,12.62,47,21.96,34.58,18.28,23.33
695391,53,46,211,0.304,12,22.64,4,7.55,0.377,0.391,0.768,0.08700000000000002,91,23,25.27,10.9,32,15.17,26.07,23.58,20.0
669004,55,52,210,0.077,20,36.36,2,3.64,0.111,0.115,0.226,0.038000000000000006,104,45,43.27,21.43,33,15.71,37.14,33.93,33.9
669003,54,48,209,0.208,21,38.89,5,9.26,0.278,0.333,0.611,0.12500000000000003,92,30,32.61,14.35,36,17.22,31.58,23.85,32.31
671284,53,48,205,0.146,17,32.08,4,7.55,0.212,0.354,0.566,0.208,98,28,28.57,13.66,40,19.51,33.17,29.21,22.97
628451,58,52,204,0.192,4,6.9,3,5.17,0.276,0.231,0.507,0.03900000000000001,113,19,16.81,9.31,23,11.27,20.59,32.69,6.45
701398,51,48,197,0.25,14,27.45,3,5.88,0.294,0.521,0.815,0.271,102,25,24.51,12.69,27,13.71,26.4,32.32,24.56
701675,51,44,197,0.114,14,27.45,3,5.88,0.216,0.182,0.398,0.06799999999999999,103,31,30.1,15.74,26,13.2,28.93,33.04,21.54
672569,48,40,197,0.225,9,18.75,5,10.42,0.354,0.4,0.754,0.17500000000000002,93,25,26.88,12.69,27,13.71,26.4,26.26,16.36
663584,60,56,192,0.196,14,23.33,3,5.0,0.237,0.214,0.45099999999999996,0.017999999999999988,104,33,31.73,17.19,34,17.71,34.9,35.96,25.45
622761,44,40,188,0.15,17,38.64,4,9.09,0.227,0.25,0.477,0.1,98,33,33.67,17.55,33,17.55,35.11,38.46,23.29
676070,51,45,188,0.111,9,17.65,3,5.88,0.16,0.111,0.271,0.0,73,14,19.18,7.45,50,26.6,34.04,26.04,15.52
676724,45,41,188,0.171,16,35.56,2,4.44,0.222,0.488,0.71,0.31699999999999995,91,31,34.07,16.49,27,14.36,30.85,27.96,30.77
669288,50,46,186,0.174,12,24.0,4,8.0,0.24,0.283,0.5229999999999999,0.10899999999999999,92,31,33.7,16.67,28,15.05,31.72,31.63,24.0
671655,43,36,186,0.25,13,30.23,7,16.28,0.372,0.472,0.844,0.22199999999999998,75,23,30.67,12.37,30,16.13,28.49,21.05,24.07
694377,47,45,185,0.178,11,23.4,2,4.26,0.213,0.267,0.48,0.08900000000000002,99,26,26.26,14.05,25,13.51,27.57,32.14,22.45
669722,39,35,183,0.086,21,53.85,2,5.13,0.135,0.2,0.335,0.11400000000000002,84,33,39.29,18.03,31,16.94,34.97,19.51,30.0
681962,49,44,182,0.091,11,22.45,3,6.12,0.146,0.136,0.28200000000000003,0.04500000000000001,73,13,17.81,7.14,50,27.47,34.62,14.49,22.0
656582,40,36,181,0.222,12,30.0,3,7.5,0.275,0.306,0.581,0.08399999999999999,72,17,23.61,9.39,43,23.76,33.15,17.86,17.74
683090,53,52,179,0.192,20,37.74,0,0.0,0.208,0.423,0.631,0.23099999999999998,93,39,41.94,21.79,34,18.99,40.78,43.01,38.78
687957,41,38,173,0.211,12,29.27,3,7.32,0.268,0.368,0.636,0.157,91,23,25.27,13.29,26,15.03,28.32,32.18,20.69
805904,42,39,173,0.282,16,38.1,2,4.76,0.317,0.641,0.958,0.35900000000000004,81,32,39.51,18.5,33,19.08,37.57,28.92,24.24
669717,42,37,173,0.162,16,38.1,3,7.14,0.225,0.162,0.387,0.0,98,36,36.73,20.81,19,10.98,31.79,38.04,21.33
699625,38,37,168,0.108,15,39.47,0,0.0,0.132,0.162,0.29400000000000004,0.054000000000000006,86,22,25.58,13.1,28,16.67,29.76,28.75,21.74
682848,46,41,166,0.146,10,21.74,4,8.7,0.222,0.22,0.442,0.07400000000000001,75,15,20.0,9.04,31,18.67,27.71,17.91,19.61
642215,43,39,166,0.205,10,23.26,3,6.98,0.262,0.385,0.647,0.18000000000000002,81,19,23.46,11.45,27,16.27,27.71,31.25,19.23
669369,49,46,163,0.37,12,24.49,0,0.0,0.396,0.5,0.896,0.13,80,17,21.25,10.43,30,18.4,28.83,25.33,27.27
694362,40,34,160,0.147,12,30.0,3,7.5,0.275,0.235,0.51,0.088,71,21,29.58,13.12,26,16.25,29.38,29.03,21.82
669087,40,36,160,0.167,17,42.5,3,7.5,0.225,0.278,0.503,0.11100000000000002,77,31,40.26,19.38,23,14.37,33.75,24.66,33.33
670092,42,39,159,0.154,11,26.19,2,4.76,0.195,0.282,0.477,0.12799999999999997,88,21,23.86,13.21,15,9.43,22.64,27.4,20.75
670097,37,33,158,0.152,10,27.03,2,5.41,0.222,0.273,0.495,0.12100000000000002,62,15,24.19,9.49,37,23.42,32.91,25.0,20.41
691185,41,37,157,0.216,10,24.39,4,9.76,0.293,0.486,0.7789999999999999,0.27,64,16,25.0,10.19,29,18.47,28.66,27.17,24.39
608671,43,38,156,0.237,10,23.26,3,6.98,0.286,0.289,0.575,0.05199999999999999,75,15,20.0,9.62,33,21.15,30.77,20.0,19.61
805811,35,26,153,0.115,13,37.14,7,20.0,0.314,0.192,0.506,0.077,61,21,34.43,13.73,25,16.34,30.07,15.85,26.53
686452,43,37,152,0.351,2,4.65,3,6.98,0.4,0.514,0.914,0.16300000000000003,73,10,13.7,6.58,28,18.42,25.0,17.74,5.0
681807,37,33,151,0.152,14,37.84,4,10.81,0.243,0.333,0.5760000000000001,0.18100000000000002,83,26,31.33,17.22,25,16.56,33.77,41.43,25.45
677592,37,31,149,0.097,11,29.73,5,13.51,0.216,0.097,0.313,0.0,68,28,41.18,18.79,19,12.75,31.54,22.22,26.83
668974,40,37,149,0.081,15,37.5,1,2.5,0.105,0.081,0.186,0.0,81,30,37.04,20.13,24,16.11,36.24,29.82,31.25
681987,41,38,144,0.316,9,21.95,2,4.88,0.35,0.447,0.7969999999999999,0.131,71,15,21.13,10.42,31,21.53,31.94,33.33,24.32
691783,37,34,144,0.176,16,43.24,2,5.41,0.243,0.265,0.508,0.08900000000000002,63,26,41.27,18.06,31,21.53,39.58,31.88,40.0
694203,35,34,139,0.235,17,48.57,1,2.86,0.257,0.441,0.698,0.20600000000000002,70,27,38.57,19.42,23,16.55,35.97,10.71,36.17
605131,37,35,138,0.2,13,35.14,1,2.7,0.222,0.257,0.479,0.056999999999999995,58,18,31.03,13.04,33,23.91,36.96,25.42,34.21
686554,35,31,136,0.194,10,28.57,2,5.71,0.235,0.258,0.493,0.064,58,20,34.48,14.71,23,16.91,31.62,15.0,23.26
678489,33,32,134,0.125,11,33.33,0,0.0,0.121,0.156,0.277,0.031,62,20,32.26,14.93,28,20.9,35.82,40.3,29.73
571912,35,30,133,0.267,7,20.0,5,14.29,0.371,0.4,0.771,0.133,53,13,24.53,9.77,23,17.29,27.07,17.46,26.92
676356,36,34,130,0.382,8,22.22,2,5.56,0.417,0.471,0.8879999999999999,0.08899999999999997,69,18,26.09,13.85,27,20.77,34.62,44.93,18.18
543592,35,34,125,0.206,5,14.29,1,2.86,0.229,0.235,0.46399999999999997,0.028999999999999998,62,12,19.35,9.6,21,16.8,26.4,22.0,14.71
694728,36,32,124,0.219,14,38.89,1,2.78,0.265,0.594,0.859,0.375,67,33,49.25,26.61,19,15.32,41.94,35.71,35.0
676701,35,32,121,0.219,6,17.14,1,2.86,0.235,0.281,0.516,0.06200000000000003,70,15,21.43,12.4,15,12.4,24.79,33.33,19.35
680837,33,28,119,0.25,6,18.18,5,15.15,0.364,0.464,0.8280000000000001,0.21400000000000002,56,19,33.93,15.97,17,14.29,30.25,33.87,18.75
592178,28,27,118,0.185,9,32.14,1,3.57,0.214,0.222,0.436,0.037000000000000005,59,21,35.59,17.8,18,15.25,33.05,27.87,20.93
650559,37,34,118,0.206,14,37.84,3,8.11,0.27,0.206,0.476,0.0,62,25,40.32,21.19,21,17.8,38.98,28.3,41.18
668952,27,25,116,0.12,13,48.15,2,7.41,0.185,0.12,0.305,0.0,62,28,45.16,24.14,12,10.34,34.48,32.79,33.33
680700,29,27,113,0.37,7,24.14,2,6.9,0.414,0.556,0.97,0.18600000000000005,50,12,24.0,10.62,23,20.35,30.97,22.0,23.33
665861,29,29,110,0.172,9,31.03,0,0.0,0.172,0.241,0.413,0.069,70,25,35.71,22.73,12,10.91,33.64,52.08,22.5
683748,26,22,108,0.136,4,15.38,4,15.38,0.269,0.227,0.496,0.091,57,11,19.3,10.19,11,10.19,20.37,36.51,8.82
663330,28,25,106,0.28,4,14.29,3,10.71,0.357,0.44,0.7969999999999999,0.15999999999999998,49,13,26.53,12.26,13,12.26,24.53,24.53,19.05
595751,30,30,103,0.2,11,36.67,0,0.0,0.2,0.233,0.43300000000000005,0.033,69,25,36.23,24.27,10,9.71,33.98,54.9,33.33
683357,27,26,103,0.192,11,40.74,1,3.7,0.222,0.346,0.568,0.15399999999999997,63,25,39.68,24.27,7,6.8,31.07,38.0,33.33
666464,30,30,102,0.2,9,30.0,0,0.0,0.2,0.333,0.533,0.133,54,18,33.33,17.65,23,22.55,40.2,39.53,30.0
694376,22,22,102,0.136,9,40.91,0,0.0,0.136,0.136,0.272,0.0,52,19,36.54,18.63,16,15.69,34.31,32.0,21.95
666150,28,27,102,0.222,2,7.14,1,3.57,0.25,0.481,0.731,0.259,55,8,14.55,7.84,18,17.65,25.49,38.46,7.14
686676,27,22,101,0.227,4,14.81,3,11.11,0.32,0.364,0.6839999999999999,0.13699999999999998,45,14,31.11,13.86,16,15.84,29.7,26.42,12.12
676679,27,24,100,0.167,6,22.22,3,11.11,0.259,0.208,0.46699999999999997,0.04099999999999998,53,17,32.08,17.0,16,16.0,33.0,37.25,20.0
670032,26,22,99,0.045,4,15.38,4,15.38,0.192,0.045,0.237,0.0,44,4,9.09,4.04,16,16.16,20.2,12.77,14.81
660757,32,31,98,0.258,5,15.62,1,3.12,0.281,0.258,0.539,0.0,61,14,22.95,14.29,12,12.24,26.53,52.73,20.0
642350,23,19,96,0.053,6,26.09,4,17.39,0.217,0.105,0.322,0.052,46,18,39.13,18.75,15,15.62,34.38,37.5,20.0
686894,27,27,95,0.259,11,40.74,0,0.0,0.259,0.37,0.629,0.11099999999999999,53,16,30.19,16.84,13,13.68,30.53,34.88,33.33
621512,27,26,94,0.308,9,33.33,0,0.0,0.333,0.308,0.641,0.0,51,16,31.37,17.02,12,12.77,29.79,39.22,32.14
687478,23,22,93,0.091,11,47.83,1,4.35,0.13,0.136,0.266,0.04500000000000001,49,22,44.9,23.66,10,10.75,34.41,29.17,40.74
691728,27,26,93,0.154,12,44.44,0,0.0,0.185,0.308,0.493,0.154,61,30,49.18,32.26,4,4.3,36.56,39.47,42.86
665953,27,24,93,0.125,7,25.93,0,0.0,0.154,0.25,0.404,0.125,42,13,30.95,13.98,18,19.35,33.33,32.0,38.89
669208,25,21,93,0.19,5,20.0,3,12.0,0.292,0.333,0.625,0.14300000000000002,40,13,32.5,13.98,13,13.98,27.96,22.22,21.74
694359,19,16,90,0.125,7,36.84,3,15.79,0.263,0.125,0.388,0.0,31,9,29.03,10.0,23,25.56,35.56,27.66,25.93
677956,26,24,89,0.208,8,30.77,1,3.85,0.24,0.5,0.74,0.29200000000000004,48,23,47.92,25.84,10,11.24,37.08,32.61,36.36
685301,19,18,88,0.222,7,36.84,1,5.26,0.263,0.389,0.652,0.167,40,14,35.0,15.91,20,22.73,38.64,34.21,18.92
678225,21,16,87,0.062,6,28.57,5,23.81,0.286,0.062,0.348,0.0,38,14,36.84,16.09,9,10.34,26.44,26.42,26.09
656248,22,19,87,0.105,11,50.0,3,13.64,0.227,0.211,0.438,0.106,39,17,43.59,19.54,15,17.24,36.78,23.68,39.29
663897,25,22,81,0.091,6,24.0,1,4.0,0.16,0.136,0.29600000000000004,0.04500000000000001,39,9,23.08,11.11,17,20.99,32.1,23.53,24.0
641856,20,19,81,0.211,1,5.0,1,5.0,0.25,0.263,0.513,0.05200000000000002,40,10,25.0,12.35,12,14.81,27.16,24.32,4.35
671286,22,21,80,0.095,7,31.82,1,4.55,0.136,0.143,0.279,0.04799999999999999,34,12,35.29,15.0,18,22.5,37.5,27.5,33.33
687529,22,18,79,0.111,9,40.91,2,9.09,0.19,0.222,0.41200000000000003,0.111,40,13,32.5,16.46,14,17.72,34.18,19.35,37.5
683021,20,18,78,0.222,1,5.0,2,10.0,0.3,0.222,0.522,0.0,32,3,9.38,3.85,15,19.23,23.08,22.5,4.55
663536,19,18,78,0.111,6,31.58,1,5.26,0.158,0.167,0.325,0.05600000000000001,42,8,19.05,10.26,14,17.95,28.21,36.36,16.13
669200,20,18,77,0.167,6,30.0,1,5.0,0.25,0.222,0.472,0.05499999999999999,35,13,37.14,16.88,15,19.48,36.36,31.71,25.0
676480,19,18,73,0.167,6,31.58,0,0.0,0.211,0.389,0.6,0.222,36,12,33.33,16.44,15,20.55,36.99,34.38,30.0
682183,15,14,67,0.143,5,33.33,0,0.0,0.133,0.143,0.276,0.0,39,7,17.95,10.45,9,13.43,23.88,41.18,16.13
666165,13,12,67,0.167,5,38.46,1,7.69,0.231,0.25,0.481,0.08299999999999999,34,11,32.35,16.42,11,16.42,32.84,40.0,16.67
669304,21,21,66,0.238,5,23.81,0,0.0,0.238,0.381,0.619,0.14300000000000002,32,7,21.88,10.61,12,18.18,28.79,38.24,35.71
664068,17,15,64,0.067,7,41.18,2,11.76,0.176,0.133,0.309,0.066,33,13,39.39,20.31,10,15.62,35.94,30.0,41.18
656413,20,20,63,0.2,7,35.0,0,0.0,0.2,0.3,0.5,0.09999999999999998,40,13,32.5,20.63,8,12.7,33.33,34.78,53.85
686475,22,19,63,0.368,5,22.73,0,0.0,0.381,0.368,0.749,0.0,40,10,25.0,15.87,6,9.52,25.4,34.48,38.46
672359,16,14,62,0.071,2,12.5,2,12.5,0.188,0.071,0.259,0.0,28,4,14.29,6.45,13,20.97,27.42,26.67,11.76
680769,16,16,62,0.188,7,43.75,0,0.0,0.188,0.188,0.376,0.0,34,14,41.18,22.58,9,14.52,37.1,37.93,38.89
641645,18,17,62,0.176,6,33.33,1,5.56,0.222,0.176,0.398,0.0,29,8,27.59,12.9,13,20.97,33.87,32.14,42.86
672279,16,14,62,0.286,6,37.5,2,12.5,0.375,0.286,0.661,0.0,29,9,31.03,14.52,10,16.13,30.65,40.62,30.0
669374,17,14,59,0.214,5,29.41,0,0.0,0.353,0.286,0.639,0.07199999999999998,33,10,30.3,16.95,8,13.56,30.51,41.94,21.74
674441,14,11,59,0.091,6,42.86,1,7.14,0.286,0.091,0.377,0.0,24,7,29.17,11.86,13,22.03,33.9,17.86,27.27
622569,16,15,56,0.267,5,31.25,0,0.0,0.267,0.333,0.6000000000000001,0.066,26,8,30.77,14.29,14,25.0,39.29,30.43,26.32
672012,13,8,54,0.25,1,7.69,5,38.46,0.538,0.375,0.913,0.125,21,7,33.33,12.96,6,11.11,24.07,21.43,6.67
645305,17,17,54,0.176,5,29.41,0,0.0,0.176,0.235,0.411,0.059,33,7,21.21,12.96,9,16.67,29.63,50.0,33.33
493329,13,11,52,0.091,4,30.77,2,15.38,0.231,0.091,0.322,0.0,24,6,25.0,11.54,10,19.23,30.77,37.93,23.53
656185,14,14,52,0.0,5,35.71,0,0.0,0.0,0.0,0.0,0.0,29,12,41.38,23.08,7,13.46,36.54,34.78,33.33
663731,14,13,52,0.077,3,21.43,1,7.14,0.143,0.077,0.21999999999999997,0.0,24,6,25.0,11.54,9,17.31,28.85,34.78,21.43
668731,16,15,51,0.067,5,31.25,1,6.25,0.125,0.067,0.192,0.0,33,10,30.3,19.61,4,7.84,27.45,48.15,33.33
666915,12,10,51,0.3,3,25.0,2,16.67,0.417,0.4,0.817,0.10000000000000003,25,9,36.0,17.65,8,15.69,33.33,36.0,14.29
669398,16,15,50,0.2,7,43.75,1,6.25,0.25,0.267,0.517,0.067,30,17,56.67,34.0,7,14.0,48.0,40.0,58.33
686823,13,11,46,0.091,1,7.69,1,7.69,0.231,0.091,0.322,0.0,20,5,25.0,10.87,6,13.04,23.91,25.93,14.29
644433,15,14,46,0.071,4,26.67,1,6.67,0.133,0.286,0.419,0.21499999999999997,21,7,33.33,15.22,10,21.74,36.96,41.67,40.0
669134,10,8,42,0.0,6,60.0,2,20.0,0.2,0.0,0.2,0.0,15,10,66.67,23.81,9,21.43,45.24,29.17,60.0
677943,9,9,40,0.111,6,66.67,0,0.0,0.111,0.111,0.222,0.0,23,8,34.78,20.0,6,15.0,35.0,28.57,37.5
677060,11,10,40,0.2,4,36.36,0,0.0,0.2,0.2,0.4,0.0,20,5,25.0,12.5,6,15.0,27.5,23.81,33.33
663662,10,9,40,0.222,2,20.0,1,10.0,0.3,0.222,0.522,0.0,20,3,15.0,7.5,6,15.0,22.5,15.79,16.67
671976,10,10,39,0.0,5,50.0,0,0.0,0.0,0.0,0.0,0.0,20,7,35.0,17.95,9,23.08,41.03,38.89,31.25
677870,11,10,39,0.0,2,18.18,0,0.0,0.0,0.0,0.0,0.0,20,3,15.0,7.69,8,20.51,28.21,26.67,14.29
671083,11,10,37,0.0,2,18.18,0,0.0,0.091,0.0,0.091,0.0,14,2,14.29,5.41,10,27.03,32.43,9.09,22.22
571466,10,8,37,0.375,2,20.0,1,10.0,0.5,0.375,0.875,0.0,16,1,6.25,2.7,7,18.92,21.62,6.67,20.0
607680,8,8,37,0.125,1,12.5,0,0.0,0.125,0.125,0.25,0.0,21,6,28.57,16.22,4,10.81,27.03,25.0,7.14
664954,9,6,36,0.167,3,33.33,1,11.11,0.333,0.167,0.5,0.0,19,5,26.32,13.89,6,16.67,30.56,26.67,23.08
668845,12,11,35,0.273,3,25.0,0,0.0,0.273,0.364,0.637,0.09099999999999997,25,6,24.0,17.14,4,11.43,28.57,64.71,30.0
682868,10,10,34,0.1,4,40.0,0,0.0,0.1,0.2,0.30000000000000004,0.1,18,7,38.89,20.59,4,11.76,32.35,29.41,30.77
682515,9,7,34,0.143,2,22.22,1,11.11,0.333,0.143,0.476,0.0,13,3,23.08,8.82,5,14.71,23.53,21.05,12.5
689041,9,8,33,0.125,0,0.0,1,11.11,0.222,0.25,0.472,0.125,19,1,5.26,3.03,2,6.06,9.09,29.41,0.0
640492,12,12,33,0.167,1,8.33,0,0.0,0.167,0.167,0.334,0.0,16,1,6.25,3.03,6,18.18,21.21,36.84,20.0
690984,7,5,32,0.2,2,28.57,2,28.57,0.429,0.2,0.629,0.0,14,2,14.29,6.25,5,15.62,21.88,31.58,16.67
605353,10,9,32,0.111,1,10.0,1,10.0,0.2,0.444,0.644,0.333,19,6,31.58,18.75,3,9.38,28.12,50.0,11.11
553882,7,4,31,0.5,0,0.0,2,28.57,0.571,0.5,1.071,0.0,15,3,20.0,9.68,2,6.45,16.13,18.75,0.0
680911,9,8,31,0.25,2,22.22,1,11.11,0.333,0.25,0.583,0.0,16,2,12.5,6.45,6,19.35,25.81,28.57,22.22
680716,7,7,30,0.143,3,42.86,0,0.0,0.143,0.143,0.286,0.0,17,5,29.41,16.67,4,13.33,30.0,30.77,23.08
506702,8,8,30,0.125,3,37.5,0,0.0,0.125,0.5,0.625,0.375,16,5,31.25,16.67,4,13.33,30.0,23.08,37.5
605204,8,8,28,0.125,3,37.5,0,0.0,0.125,0.125,0.25,0.0,19,9,47.37,32.14,3,10.71,42.86,41.67,30.0
676812,5,5,27,0.0,4,80.0,0,0.0,0.0,0.0,0.0,0.0,9,8,88.89,29.63,6,22.22,51.85,31.25,57.14
804668,8,7,27,0.286,2,25.0,1,12.5,0.375,0.429,0.804,0.14300000000000002,13,7,53.85,25.93,4,14.81,40.74,35.29,50.0
663967,9,7,27,0.0,0,0.0,2,22.22,0.222,0.0,0.222,0.0,12,4,33.33,14.81,4,14.81,29.63,15.38,0.0
666198,6,6,25,0.333,1,16.67,0,0.0,0.333,0.333,0.666,0.0,14,3,21.43,12.0,3,12.0,24.0,33.33,11.11
670276,8,8,25,0.25,2,25.0,0,0.0,0.25,0.25,0.5,0.0,12,2,16.67,8.0,8,32.0,40.0,28.57,22.22
693409,6,6,25,0.167,5,83.33,0,0.0,0.167,0.167,0.334,0.0,16,8,50.0,32.0,3,12.0,44.0,68.75,50.0
663609,7,7,24,0.0,1,14.29,0,0.0,0.0,0.0,0.0,0.0,14,3,21.43,12.5,3,12.5,25.0,46.15,12.5
640459,8,7,24,0.286,2,25.0,0,0.0,0.25,0.429,0.679,0.14300000000000002,13,2,15.38,8.33,5,20.83,29.17,28.57,33.33
622268,7,6,24,0.167,1,14.29,0,0.0,0.167,0.167,0.334,0.0,13,1,7.69,4.17,2,8.33,12.5,22.22,50.0
681584,6,4,24,0.0,2,33.33,2,33.33,0.333,0.0,0.333,0.0,8,2,25.0,8.33,3,12.5,20.83,14.29,66.67
592696,8,8,23,0.125,2,25.0,0,0.0,0.125,0.125,0.25,0.0,15,6,40.0,26.09,2,8.7,34.78,33.33,40.0
665923,5,4,22,0.25,1,20.0,1,20.0,0.4,0.25,0.65,0.0,9,4,44.44,18.18,5,22.73,40.91,27.27,14.29
682997,6,6,22,0.167,1,16.67,0,0.0,0.167,0.167,0.334,0.0,10,1,10.0,4.55,3,13.64,18.18,18.18,33.33
691907,6,6,21,0.0,2,33.33,0,0.0,0.0,0.0,0.0,0.0,12,2,16.67,9.52,3,14.29,23.81,14.29,66.67
667452,5,5,21,0.4,1,20.0,0,0.0,0.4,0.8,1.2000000000000002,0.4,8,1,12.5,4.76,5,23.81,28.57,22.22,20.0
572138,7,7,20,0.143,1,14.29,0,0.0,0.143,0.143,0.286,0.0,11,2,18.18,10.0,3,15.0,25.0,14.29,20.0
682634,5,5,20,0.4,3,60.0,0,0.0,0.4,0.4,0.8,0.0,9,5,55.56,25.0,5,25.0,50.0,33.33,60.0
622534,5,5,19,0.4,2,40.0,0,0.0,0.4,0.4,0.8,0.0,11,4,36.36,21.05,3,15.79,36.84,37.5,28.57
676551,4,3,18,0.667,1,25.0,1,25.0,0.75,0.667,1.417,0.0,9,4,44.44,22.22,2,11.11,33.33,20.0,12.5
676466,3,3,18,0.333,0,0.0,0,0.0,0.333,0.333,0.666,0.0,8,1,12.5,5.56,3,16.67,22.22,12.5,0.0
685744,3,2,17,0.0,1,33.33,1,33.33,0.333,0.0,0.333,0.0,7,1,14.29,5.88,3,17.65,23.53,22.22,9.09
695670,4,3,13,0.333,1,25.0,0,0.0,0.5,0.333,0.833,0.0,6,3,50.0,23.08,1,7.69,30.77,0.0,50.0
702358,3,3,13,0.333,1,33.33,0,0.0,0.333,0.333,0.666,0.0,5,2,40.0,15.38,1,7.69,23.08,33.33,50.0
677941,5,4,13,0.0,2,40.0,0,0.0,0.0,0.0,0.0,0.0,8,5,62.5,38.46,2,15.38,53.85,50.0,66.67
668723,4,4,13,0.25,1,25.0,0,0.0,0.25,0.25,0.5,0.0,6,1,16.67,7.69,4,30.77,38.46,42.86,16.67
669256,3,3,12,0.0,0,0.0,0,0.0,0.0,0.0,0.0,0.0,5,2,40.0,16.67,4,33.33,50.0,40.0,0.0
681909,2,2,11,0.0,1,50.0,0,0.0,0.0,0.0,0.0,0.0,5,3,60.0,27.27,2,18.18,45.45,28.57,20.0
672642,2,2,11,0.0,1,50.0,0,0.0,0.0,0.0,0.0,0.0,5,1,20.0,9.09,1,9.09,18.18,0.0,16.67
680118,3,1,9,0.0,0,0.0,0,0.0,0.0,0.0,0.0,0.0,6,1,16.67,11.11,1,11.11,22.22,50.0,0.0
675659,2,2,9,0.0,2,100.0,0,0.0,0.0,0.0,0.0,0.0,6,4,66.67,44.44,1,11.11,55.56,25.0,66.67
605113,3,2,9,0.0,1,33.33,1,33.33,0.333,0.0,0.333,0.0,3,1,33.33,11.11,2,22.22,33.33,0.0,100.0
667690,2,2,9,0.0,0,0.0,0,0.0,0.0,0.0,0.0,0.0,4,0,0.0,0.0,2,22.22,22.22,0.0,0.0
605244,2,2,9,0.0,2,100.0,0,0.0,0.0,0.0,0.0,0.0,3,2,66.67,22.22,4,44.44,66.67,25.0,66.67
691373,2,2,8,0.0,1,50.0,0,0.0,0.0,0.0,0.0,0.0,4,2,50.0,25.0,2,25.0,50.0,33.33,50.0
642727,2,2,7,0.0,2,100.0,0,0.0,0.0,0.0,0.0,0.0,3,1,33.33,14.29,3,42.86,57.14,50.0,100.0
691011,1,1,5,0.0,1,100.0,0,0.0,0.0,0.0,0.0,0.0,2,2,100.0,40.0,1,20.0,60.0,50.0,33.33
669392,3,3,5,0.0,0,0.0,0,0.0,0.0,0.0,0.0,0.0,4,0,0.0,0.0,1,20.0,20.0,,0.0
695257,2,2,5,0.0,1,50.0,0,0.0,0.0,0.0,0.0,0.0,5,2,40.0,40.0,0,0.0,40.0,100.0,50.0
607067,1,1,5,0.0,1,100.0,0,0.0,0.0,0.0,0.0,0.0,3,0,0.0,0.0,2,40.0,40.0,100.0,33.33
679631,1,1,4,0.0,0,0.0,0,0.0,0.0,0.0,0.0,0.0,3,0,0.0,0.0,0,0.0,0.0,50.0,0.0
669194,1,1,4,1.0,0,0.0,0,0.0,1.0,1.0,2.0,0.0,1,0,0.0,0.0,1,25.0,25.0,33.33,
624513,1,1,4,0.0,1,100.0,0,0.0,0.0,0.0,0.0,0.0,1,1,100.0,25.0,2,50.0,75.0,50.0,50.0
663796,2,2,4,0.0,1,50.0,0,0.0,0.0,0.0,0.0,0.0,2,1,50.0,25.0,2,50.0,75.0,100.0,100.0
683004,1,1,3,0.0,1,100.0,0,0.0,0.0,0.0,0.0,0.0,1,1,100.0,33.33,2,66.67,100.0,100.0,100.0
675915,1,0,1,,0,0.0,0,0.0,1.0,,,,0,0,,0.0,0,0.0,0.0,0.0,
